instrument_name,strike,option_type,expiration,mark_iv,open_interest,delta,gamma,vega,theta
BTC-26MAY26-67000-P,67000.0,put,1779782400000,80.12,3.6,0.0,0.0,0.00015,-0.00048
BTC-26MAY26-68000-P,68000.0,put,1779782400000,80.09,10.7,-1e-05,0.0,0.00134,-0.00512
BTC-26MAY26-69000-P,69000.0,put,1779782400000,74.22,8.4,-2e-05,0.0,0.00284,-0.0109
BTC-26MAY26-70000-P,70000.0,put,1779782400000,66.68,31.7,-4e-05,0.0,0.00439,-0.01582
BTC-26MAY26-71000-P,71000.0,put,1779782400000,60.85,50.5,-9e-05,0.0,0.01077,-0.03925
BTC-26MAY26-72000-P,72000.0,put,1779782400000,56.32,28.5,-0.00035,0.0,0.03776,-0.15039
BTC-26MAY26-72500-P,72500.0,put,1779782400000,54.39,25.0,-0.00075,0.0,0.0764,-0.32729
BTC-26MAY26-73000-C,73000.0,call,1779782400000,49.16,1.0,0.99917,0.0,0.0842,-2.06949
BTC-26MAY26-73000-P,73000.0,put,1779782400000,49.16,147.1,-0.00083,0.0,0.0842,-0.33082
BTC-26MAY26-73500-P,73500.0,put,1779782400000,45.52,67.1,-0.00135,0.0,0.13081,-0.51236
BTC-26MAY26-74000-C,74000.0,call,1779782400000,44.66,2.3,0.99608,1e-05,0.34318,-7.66361
BTC-26MAY26-74000-P,74000.0,put,1779782400000,44.66,102.4,-0.00392,1e-05,0.34318,-1.59416
BTC-26MAY26-74500-C,74500.0,call,1779782400000,42.39,5.3,0.99144,2e-05,0.68638,-14.54713
BTC-26MAY26-74500-P,74500.0,put,1779782400000,42.39,101.3,-0.00856,2e-05,0.68638,-3.55987
BTC-26MAY26-75000-C,75000.0,call,1779782400000,38.89,80.4,0.98407,3e-05,1.17698,-22.88651
BTC-26MAY26-75000-P,75000.0,put,1779782400000,38.89,245.9,-0.01593,3e-05,1.17698,-6.51042
BTC-26MAY26-75500-C,75500.0,call,1779782400000,36.0,52.1,0.96662,7e-05,2.19369,-39.48566
BTC-26MAY26-75500-P,75500.0,put,1779782400000,36.0,180.5,-0.03338,7e-05,2.19369,-13.90881
BTC-26MAY26-76000-C,76000.0,call,1779782400000,30.38,63.8,0.94519,0.00012,3.27444,-49.74555
BTC-26MAY26-76000-P,76000.0,put,1779782400000,30.39,153.3,-0.05483,0.00012,3.27528,-20.77354
BTC-26MAY26-76500-C,76500.0,call,1779782400000,27.36,325.6,0.87578,0.00025,6.04985,-82.77108
BTC-26MAY26-76500-P,76500.0,put,1779782400000,27.36,129.7,-0.12381,0.00025,6.03582,-49.51251
BTC-26MAY26-77000-C,77000.0,call,1779782400000,25.05,27.6,0.71897,0.00046,9.95425,-124.68391
BTC-26MAY26-77000-P,77000.0,put,1779782400000,25.05,116.5,-0.28103,0.00046,9.95425,-124.68391
BTC-26MAY26-77500-C,77500.0,call,1779782400000,24.3,129.9,0.4597,0.00055,11.71606,-142.36754
BTC-26MAY26-77500-P,77500.0,put,1779782400000,24.3,36.6,-0.5403,0.00055,11.71606,-142.36754
BTC-26MAY26-78000-C,78000.0,call,1779782400000,25.13,63.2,0.22103,0.0004,8.76367,-94.54354
BTC-26MAY26-78000-P,78000.0,put,1779782400000,25.13,14.7,-0.77897,0.0004,8.76367,-110.11309
BTC-26MAY26-78500-C,78500.0,call,1779782400000,27.18,64.4,0.09236,0.00021,4.88624,-34.71653
BTC-26MAY26-78500-P,78500.0,put,1779782400000,27.18,0.5,-0.90764,0.00021,4.88645,-66.41852
BTC-26MAY26-79000-C,79000.0,call,1779782400000,30.52,135.7,0.04221,0.0001,2.65689,-15.56155
BTC-26MAY26-79500-C,79500.0,call,1779782400000,34.77,114.9,0.02334,5e-05,1.62847,-9.01797
BTC-26MAY26-80000-C,80000.0,call,1779782400000,36.46,69.4,0.00944,2e-05,0.74836,-3.44025
BTC-26MAY26-80500-C,80500.0,call,1779782400000,39.59,34.6,0.00503,1e-05,0.42909,-1.86879
BTC-26MAY26-81000-C,81000.0,call,1779782400000,39.83,51.3,0.00151,0.0,0.14493,-0.51041
BTC-26MAY26-82000-C,82000.0,call,1779782400000,46.31,49.2,0.00059,0.0,0.06118,-0.21651
BTC-26MAY26-83000-C,83000.0,call,1779782400000,51.86,35.0,0.00023,0.0,0.02512,-0.0874
BTC-26MAY26-84000-C,84000.0,call,1779782400000,52.82,24.7,3e-05,0.0,0.00339,-0.00947
BTC-26MAY26-85000-C,85000.0,call,1779782400000,52.82,2.4,0.0,0.0,0.00027,-0.00059
BTC-27MAY26-66000-P,66000.0,put,1779868800000,72.05,2.0,-0.00029,0.0,0.05298,-0.26398
BTC-27MAY26-67000-P,67000.0,put,1779868800000,72.05,1.2,-0.0009,0.0,0.15266,-0.89497
BTC-27MAY26-68000-P,68000.0,put,1779868800000,69.42,7.2,-0.00181,0.0,0.29004,-1.83431
BTC-27MAY26-69000-P,69000.0,put,1779868800000,62.53,0.2,-0.00208,0.0,0.3301,-1.92397
BTC-27MAY26-70000-P,70000.0,put,1779868800000,55.41,59.1,-0.00235,0.0,0.3676,-1.93489
BTC-27MAY26-71000-P,71000.0,put,1779868800000,52.54,72.9,-0.00519,1e-05,0.74941,-4.35052
BTC-27MAY26-72000-P,72000.0,put,1779868800000,46.97,14.3,-0.00813,1e-05,1.11482,-6.36098
BTC-27MAY26-72500-P,72500.0,put,1779868800000,46.28,19.6,-0.01363,2e-05,1.74845,-11.11526
BTC-27MAY26-73000-P,73000.0,put,1779868800000,43.3,7.2,-0.01732,2e-05,2.14724,-13.57703
BTC-27MAY26-73500-P,73500.0,put,1779868800000,41.08,53.3,-0.0245,3e-05,2.88124,-19.03982
BTC-27MAY26-74000-P,74000.0,put,1779868800000,37.65,23.8,-0.03083,4e-05,3.48934,-22.70301
BTC-27MAY26-74500-P,74500.0,put,1779868800000,36.08,71.5,-0.04836,6e-05,5.03512,-36.36463
BTC-27MAY26-75000-C,75000.0,call,1779868800000,33.59,4.3,0.92986,8e-05,6.74235,-73.98592
BTC-27MAY26-75000-P,75000.0,put,1779868800000,33.59,60.7,-0.07013,8e-05,6.74174,-52.27237
BTC-27MAY26-75500-C,75500.0,call,1779868800000,31.7,1.6,0.89182,0.00012,9.31492,-96.47678
BTC-27MAY26-75500-P,75500.0,put,1779868800000,31.7,37.4,-0.10817,0.00012,9.31475,-82.52683
BTC-27MAY26-76000-C,76000.0,call,1779868800000,30.33,0.5,0.83031,0.00017,12.67243,-125.55205
BTC-27MAY26-76000-P,76000.0,put,1779868800000,30.33,7.5,-0.16969,0.00017,12.67242,-125.55182
BTC-27MAY26-76500-C,76500.0,call,1779868800000,28.98,59.3,0.74197,0.00022,16.19863,-153.37078
BTC-27MAY26-76500-P,76500.0,put,1779868800000,28.98,50.8,-0.25751,0.00022,16.17865,-153.2524
BTC-27MAY26-77000-C,77000.0,call,1779868800000,28.25,32.6,0.6222,0.00027,19.05211,-175.9054
BTC-27MAY26-77000-P,77000.0,put,1779868800000,28.25,5.5,-0.37814,0.00027,19.05698,-175.95715
BTC-27MAY26-77500-C,77500.0,call,1779868800000,27.31,22.7,0.4818,0.00029,19.97658,-178.28658
BTC-27MAY26-77500-P,77500.0,put,1779868800000,27.31,4.0,-0.51837,0.00029,19.97602,-178.28143
BTC-27MAY26-78000-C,78000.0,call,1779868800000,27.15,27.3,0.34007,0.00027,18.36793,-162.99872
BTC-27MAY26-78000-P,78000.0,put,1779868800000,27.15,7.1,-0.65993,0.00027,18.36793,-162.99872
BTC-27MAY26-78500-C,78500.0,call,1779868800000,27.45,46.5,0.22149,0.00022,14.89919,-133.66402
BTC-27MAY26-79000-C,79000.0,call,1779868800000,28.15,208.2,0.13651,0.00016,10.96648,-97.6879
BTC-27MAY26-79500-C,79500.0,call,1779868800000,29.13,8.8,0.08182,0.0001,7.57941,-54.52205
BTC-27MAY26-80000-C,80000.0,call,1779868800000,30.65,49.8,0.05062,7e-05,5.22096,-32.66505
BTC-27MAY26-80000-P,80000.0,put,1779868800000,30.65,0.1,-0.94938,7e-05,5.22115,-52.30773
BTC-27MAY26-81000-C,81000.0,call,1779868800000,34.32,21.5,0.02168,3e-05,2.59807,-13.87475
BTC-27MAY26-82000-C,82000.0,call,1779868800000,38.83,4.6,0.01157,2e-05,1.51711,-7.77213
BTC-27MAY26-83000-C,83000.0,call,1779868800000,44.51,61.4,0.00822,1e-05,1.12578,-6.09271
BTC-27MAY26-84000-C,84000.0,call,1779868800000,46.44,21.0,0.00351,0.0,0.52821,-2.50364
BTC-27MAY26-85000-C,85000.0,call,1779868800000,51.59,0.1,0.00273,0.0,0.42163,-2.11565
BTC-28MAY26-68000-P,68000.0,put,1779955200000,59.01,3.0,-0.00383,0.0,0.73472,-4.49334
BTC-28MAY26-69000-P,69000.0,put,1779955200000,57.99,0.5,-0.00797,1e-05,1.40828,-9.8669
BTC-28MAY26-70000-P,70000.0,put,1779955200000,53.86,1.6,-0.01159,1e-05,1.95276,-13.84793
BTC-28MAY26-71000-P,71000.0,put,1779955200000,49.54,5.7,-0.01696,1e-05,2.71244,-19.46393
BTC-28MAY26-72000-P,72000.0,put,1779955200000,45.68,27.7,-0.02687,2e-05,4.0012,-30.11711
BTC-28MAY26-73000-P,73000.0,put,1779955200000,41.34,49.7,-0.04208,3e-05,5.7878,-45.46394
BTC-28MAY26-74000-P,74000.0,put,1779955200000,37.5,32.8,-0.07165,6e-05,8.81118,-65.31126
BTC-28MAY26-74500-P,74500.0,put,1779955200000,35.74,12.4,-0.09609,7e-05,10.98488,-77.60148
BTC-28MAY26-75000-P,75000.0,put,1779955200000,34.14,28.1,-0.12993,0.0001,13.62828,-91.94302
BTC-28MAY26-75500-P,75500.0,put,1779955200000,32.65,17.2,-0.17557,0.00012,16.64654,-107.40239
BTC-28MAY26-76000-C,76000.0,call,1779955200000,31.35,5.0,0.76327,0.00015,19.88467,-123.21676
BTC-28MAY26-76000-P,76000.0,put,1779955200000,31.35,7.1,-0.23672,0.00015,19.8841,-123.2155
BTC-28MAY26-76500-C,76500.0,call,1779955200000,30.43,6.9,0.68405,0.00018,22.92298,-137.85463
BTC-28MAY26-76500-P,76500.0,put,1779955200000,30.43,10.9,-0.31595,0.00018,22.92298,-137.85463
BTC-28MAY26-77000-C,77000.0,call,1779955200000,29.12,8.7,0.59124,0.00021,25.03478,-144.08488
BTC-28MAY26-77000-P,77000.0,put,1779955200000,29.12,7.3,-0.40868,0.00021,25.03372,-144.08076
BTC-28MAY26-77500-C,77500.0,call,1779955200000,28.53,5.4,0.48513,0.00022,25.69241,-144.85606
BTC-28MAY26-77500-P,77500.0,put,1779955200000,28.53,12.0,-0.51484,0.00022,25.69254,-144.85792
BTC-28MAY26-78000-C,78000.0,call,1779955200000,28.27,26.0,0.37792,0.00021,24.49691,-136.88644
BTC-28MAY26-78000-P,78000.0,put,1779955200000,28.27,7.0,-0.62208,0.00021,24.49691,-136.88644
BTC-28MAY26-78500-C,78500.0,call,1779955200000,28.23,24.1,0.27985,0.00018,21.68854,-121.02019
BTC-28MAY26-79000-C,79000.0,call,1779955200000,28.49,28.3,0.19893,0.00015,17.9842,-101.26816
BTC-28MAY26-79000-P,79000.0,put,1779955200000,28.49,0.4,-0.80107,0.00015,17.9842,-101.26816
BTC-28MAY26-79500-C,79500.0,call,1779955200000,28.9,9.2,0.13669,0.00012,14.11198,-80.60846
BTC-28MAY26-80000-C,80000.0,call,1779955200000,29.67,26.3,0.09339,9e-05,10.75599,-63.07091
BTC-28MAY26-80000-P,80000.0,put,1779955200000,29.67,0.2,-0.90661,9e-05,10.75579,-63.06914
BTC-28MAY26-81000-C,81000.0,call,1779955200000,31.8,38.7,0.04465,5e-05,6.07073,-37.94119
BTC-28MAY26-82000-C,82000.0,call,1779955200000,35.1,6.6,0.02521,3e-05,3.79292,-21.79528
BTC-28MAY26-83000-C,83000.0,call,1779955200000,38.5,3.7,0.01541,2e-05,2.4973,-13.72347
BTC-28MAY26-84000-C,84000.0,call,1779955200000,39.93,0.8,0.00732,1e-05,1.3062,-6.25283
BTC-28MAY26-85000-C,85000.0,call,1779955200000,45.01,0.1,0.00665,1e-05,1.20043,-6.28635
BTC-29MAY26-40000-C,40000.0,call,1780041600000,114.17,17.7,1.0,0.0,0.0,-1e-05
BTC-29MAY26-40000-P,40000.0,put,1780041600000,114.17,424.6,0.0,0.0,0.0,0.0
BTC-29MAY26-45000-C,45000.0,call,1780041600000,109.4,2.3,1.0,0.0,7e-05,-0.00106
BTC-29MAY26-45000-P,45000.0,put,1780041600000,109.4,424.2,0.0,0.0,7e-05,-0.00026
BTC-29MAY26-48000-P,48000.0,put,1780041600000,97.67,747.1,0.0,0.0,0.0001,-0.00035
BTC-29MAY26-50000-C,50000.0,call,1780041600000,96.34,0.5,1.0,0.0,0.00057,-0.00779
BTC-29MAY26-50000-P,50000.0,put,1780041600000,96.34,1259.6,0.0,0.0,0.00057,-0.00228
BTC-29MAY26-52000-P,52000.0,put,1780041600000,90.01,478.2,0.0,0.0,0.001,-0.00391
BTC-29MAY26-54000-P,54000.0,put,1780041600000,85.88,507.1,-1e-05,0.0,0.00279,-0.01143
BTC-29MAY26-56000-P,56000.0,put,1780041600000,85.86,722.6,-5e-05,0.0,0.01626,-0.08001
BTC-29MAY26-57000-P,57000.0,put,1780041600000,85.86,598.1,-0.00012,0.0,0.03589,-0.19427
BTC-29MAY26-58000-C,58000.0,call,1780041600000,85.86,98.3,0.99974,0.0,0.07486,-0.9105
BTC-29MAY26-58000-P,58000.0,put,1780041600000,85.86,287.9,-0.00026,0.0,0.07486,-0.44686
BTC-29MAY26-59000-C,59000.0,call,1780041600000,85.86,0.1,0.99945,0.0,0.1478,-1.79794
BTC-29MAY26-59000-P,59000.0,put,1780041600000,85.86,344.0,-0.00055,0.0,0.1478,-0.97658
BTC-29MAY26-60000-C,60000.0,call,1780041600000,85.86,172.8,0.99891,0.0,0.27756,-3.37649
BTC-29MAY26-60000-P,60000.0,put,1780041600000,85.86,1975.6,-0.00109,0.0,0.27756,-2.03034
BTC-29MAY26-61000-C,61000.0,call,1780041600000,84.73,30.4,0.99817,0.0,0.4455,-5.34779
BTC-29MAY26-61000-P,61000.0,put,1780041600000,84.73,311.8,-0.00184,0.0,0.44701,-3.50285
BTC-29MAY26-62000-C,62000.0,call,1780041600000,82.02,14.0,0.99742,0.0,0.60707,-7.05465
BTC-29MAY26-62000-P,62000.0,put,1780041600000,82.02,321.7,-0.00259,0.0,0.60911,-4.90427
BTC-29MAY26-63000-C,63000.0,call,1780041600000,81.66,3.9,0.99546,0.0,1.01044,-11.69043
BTC-29MAY26-63000-P,63000.0,put,1780041600000,81.66,453.3,-0.00454,0.0,1.01044,-9.05709
BTC-29MAY26-64000-C,64000.0,call,1780041600000,77.62,10.0,0.99437,0.0,1.22415,-13.46267
BTC-29MAY26-64000-P,64000.0,put,1780041600000,77.62,409.3,-0.00563,0.0,1.2241,-10.89116
BTC-29MAY26-65000-C,65000.0,call,1780041600000,72.18,26.4,0.99382,0.0,1.32982,-13.59932
BTC-29MAY26-65000-P,65000.0,put,1780041600000,72.18,2401.6,-0.00618,0.0,1.32983,-11.20383
BTC-29MAY26-66000-C,66000.0,call,1780041600000,68.43,322.4,0.99198,0.0,1.67244,-16.21299
BTC-29MAY26-66000-P,66000.0,put,1780041600000,68.43,1165.2,-0.00802,0.0,1.67242,-14.1243
BTC-29MAY26-67000-C,67000.0,call,1780041600000,62.89,180.1,0.99113,1e-05,1.8274,-16.28342
BTC-29MAY26-67000-P,67000.0,put,1780041600000,62.89,1050.5,-0.00887,1e-05,1.82742,-14.4911
BTC-29MAY26-68000-C,68000.0,call,1780041600000,59.17,633.8,0.98815,1e-05,2.3521,-19.71614
BTC-29MAY26-68000-P,68000.0,put,1780041600000,59.17,1281.3,-0.01185,1e-05,2.35204,-18.77313
BTC-29MAY26-69000-C,69000.0,call,1780041600000,54.84,532.4,0.98482,1e-05,2.91357,-22.63699
BTC-29MAY26-69000-P,69000.0,put,1780041600000,54.84,1332.4,-0.01518,1e-05,2.91357,-22.63699
BTC-29MAY26-70000-C,70000.0,call,1780041600000,50.95,956.7,0.9793,1e-05,3.79565,-27.39761
BTC-29MAY26-70000-P,70000.0,put,1780041600000,50.95,3548.6,-0.0207,1e-05,3.79575,-27.39831
BTC-29MAY26-71000-C,71000.0,call,1780041600000,47.85,463.3,0.96904,2e-05,5.31818,-36.05445
BTC-29MAY26-71000-P,71000.0,put,1780041600000,47.85,2039.3,-0.03096,2e-05,5.31818,-36.05445
BTC-29MAY26-72000-C,72000.0,call,1780041600000,43.33,892.7,0.95804,3e-05,6.82103,-41.87571
BTC-29MAY26-72000-P,72000.0,put,1780041600000,43.33,2399.0,-0.04194,3e-05,6.81838,-41.85945
BTC-29MAY26-73000-C,73000.0,call,1780041600000,39.76,360.2,0.93666,4e-05,9.46203,-53.30449
BTC-29MAY26-73000-P,73000.0,put,1780041600000,39.76,1938.0,-0.06334,4e-05,9.46203,-53.30449
BTC-29MAY26-74000-C,74000.0,call,1780041600000,36.51,1116.9,0.89989,6e-05,13.37349,-69.17101
BTC-29MAY26-74000-P,74000.0,put,1780041600000,36.51,3143.5,-0.10007,6e-05,13.36894,-69.14746
BTC-29MAY26-75000-C,75000.0,call,1780041600000,34.2,1616.7,0.83302,0.0001,19.04687,-92.2842
BTC-29MAY26-75000-P,75000.0,put,1780041600000,34.2,4936.7,-0.16705,0.0001,19.05205,-92.30932
BTC-29MAY26-75500-P,75500.0,put,1780041600000,33.06,17.8,-0.21374,0.00012,22.1712,-103.8567
BTC-29MAY26-76000-C,76000.0,call,1780041600000,32.07,1993.8,0.72842,0.00014,25.24881,-114.73066
BTC-29MAY26-76000-P,76000.0,put,1780041600000,32.08,2744.4,-0.27176,0.00014,25.2567,-114.7746
BTC-29MAY26-76500-P,76500.0,put,1780041600000,31.03,22.4,-0.34032,0.00016,27.90797,-122.69353
BTC-29MAY26-77000-C,77000.0,call,1780041600000,30.02,1409.8,0.58073,0.00017,29.75077,-126.51805
BTC-29MAY26-77000-P,77000.0,put,1780041600000,30.02,782.2,-0.41926,0.00017,29.75053,-126.51768
BTC-29MAY26-77500-C,77500.0,call,1780041600000,29.31,9.0,0.49339,0.00018,30.37064,-126.11358
BTC-29MAY26-77500-P,77500.0,put,1780041600000,29.31,58.2,-0.50659,0.00018,30.37071,-126.11384
BTC-29MAY26-78000-C,78000.0,call,1780041600000,29.01,1765.4,0.40419,0.00018,29.49454,-121.20459
BTC-29MAY26-78000-P,78000.0,put,1780041600000,29.01,1352.0,-0.59576,0.00018,29.49565,-121.21776
BTC-29MAY26-78500-C,78500.0,call,1780041600000,29.14,3.7,0.32128,0.00016,27.27349,-112.60533
BTC-29MAY26-79000-C,79000.0,call,1780041600000,28.97,909.1,0.24506,0.00014,23.93816,-98.26208
BTC-29MAY26-79000-P,79000.0,put,1780041600000,28.97,662.5,-0.75504,0.00014,23.9327,-98.241
BTC-29MAY26-79500-C,79500.0,call,1780041600000,29.23,1.4,0.18308,0.00012,20.19133,-83.6188
BTC-29MAY26-80000-C,80000.0,call,1780041600000,29.84,7804.7,0.13609,0.0001,16.62188,-70.28238
BTC-29MAY26-80000-P,80000.0,put,1780041600000,29.84,610.9,-0.86391,0.0001,16.62188,-70.28238
BTC-29MAY26-81000-C,81000.0,call,1780041600000,31.55,1671.1,0.07529,6e-05,10.80956,-48.31889
BTC-29MAY26-81000-P,81000.0,put,1780041600000,31.55,501.5,-0.92471,6e-05,10.80956,-48.31889
BTC-29MAY26-82000-C,82000.0,call,1780041600000,34.32,2443.3,0.04626,4e-05,7.37825,-35.87906
BTC-29MAY26-82000-P,82000.0,put,1780041600000,34.32,271.0,-0.95376,4e-05,7.3767,-35.87177
BTC-29MAY26-83000-C,83000.0,call,1780041600000,37.03,1400.0,0.02938,2e-05,5.09146,-26.7106
BTC-29MAY26-83000-P,83000.0,put,1780041600000,37.03,84.7,-0.97061,2e-05,5.09306,-26.71744
BTC-29MAY26-84000-C,84000.0,call,1780041600000,39.88,1981.0,0.0198,2e-05,3.65539,-20.65084
BTC-29MAY26-84000-P,84000.0,put,1780041600000,39.88,92.4,-0.9802,2e-05,3.65539,-20.65084
BTC-29MAY26-85000-C,85000.0,call,1780041600000,42.21,2777.2,0.01297,1e-05,2.5438,-14.3564
BTC-29MAY26-85000-P,85000.0,put,1780041600000,42.21,58.0,-0.98703,1e-05,2.5433,-15.20828
BTC-29MAY26-86000-C,86000.0,call,1780041600000,46.45,1091.8,0.01142,1e-05,2.27856,-13.69241
BTC-29MAY26-86000-P,86000.0,put,1780041600000,46.45,38.0,-0.98858,1e-05,2.27862,-14.99456
BTC-29MAY26-87000-C,87000.0,call,1780041600000,49.4,715.4,0.00877,1e-05,1.80875,-10.85833
BTC-29MAY26-87000-P,87000.0,put,1780041600000,49.4,0.1,-0.99123,1e-05,1.8088,-12.65877
BTC-29MAY26-88000-C,88000.0,call,1780041600000,49.57,896.8,0.00464,0.0,1.03047,-5.42363
BTC-29MAY26-88000-P,88000.0,put,1780041600000,49.57,8.0,-0.99536,0.0,1.03047,-7.23665
BTC-29MAY26-89000-C,89000.0,call,1780041600000,49.57,448.2,0.0023,0.0,0.54885,-2.53412
BTC-29MAY26-90000-C,90000.0,call,1780041600000,50.45,1932.2,0.00131,0.0,0.3293,-1.40789
BTC-29MAY26-90000-P,90000.0,put,1780041600000,50.45,11.9,-0.99869,0.0,0.3293,-2.35367
BTC-29MAY26-92000-C,92000.0,call,1780041600000,55.07,1033.8,0.0008,0.0,0.20795,-0.8971
BTC-29MAY26-92000-P,92000.0,put,1780041600000,55.07,1.5,-0.9992,0.0,0.20792,-1.62221
BTC-29MAY26-94000-C,94000.0,call,1780041600000,57.4,1628.7,0.00033,0.0,0.09137,-0.36257
BTC-29MAY26-94000-P,94000.0,put,1780041600000,57.4,1.6,-0.99967,0.0,0.09137,-0.7431
BTC-29MAY26-95000-C,95000.0,call,1780041600000,57.46,1689.6,0.00016,0.0,0.04802,-0.17479
BTC-29MAY26-95000-P,95000.0,put,1780041600000,57.46,0.8,-0.99984,0.0,0.04802,-0.39094
BTC-29MAY26-96000-C,96000.0,call,1780041600000,57.82,1223.8,9e-05,0.0,0.02656,-0.09036
BTC-29MAY26-96000-P,96000.0,put,1780041600000,57.82,0.7,-0.99991,0.0,0.02656,-0.21762
BTC-29MAY26-98000-C,98000.0,call,1780041600000,60.33,1501.2,4e-05,0.0,0.01282,-0.04183
BTC-29MAY26-98000-P,98000.0,put,1780041600000,60.33,0.1,-0.99996,0.0,0.01282,-0.1096
BTC-29MAY26-100000-C,100000.0,call,1780041600000,60.33,510.7,1e-05,0.0,0.00316,-0.00893
BTC-29MAY26-100000-P,100000.0,put,1780041600000,60.33,11.3,-0.99999,0.0,0.00316,-0.02702
BTC-29MAY26-105000-C,105000.0,call,1780041600000,60.43,892.0,0.0,0.0,7e-05,-0.00014
BTC-29MAY26-105000-P,105000.0,put,1780041600000,60.43,0.5,-1.0,0.0,7e-05,-0.00059
BTC-5JUN26-65000-P,65000.0,put,1780646400000,46.77,955.1,-0.01242,1e-05,4.23171,-9.39838
BTC-5JUN26-66000-P,66000.0,put,1780646400000,46.68,109.2,-0.01992,1e-05,6.34529,-14.06577
BTC-5JUN26-68000-P,68000.0,put,1780646400000,42.82,635.4,-0.03411,1e-05,9.94955,-20.23033
BTC-5JUN26-70000-C,70000.0,call,1780646400000,39.96,0.1,0.93598,2e-05,16.48127,-31.27466
BTC-5JUN26-70000-P,70000.0,put,1780646400000,39.96,399.5,-0.06404,2e-05,16.48471,-31.28635
BTC-5JUN26-72000-C,72000.0,call,1780646400000,36.71,2.0,0.88471,4e-05,25.57325,-44.58697
BTC-5JUN26-72000-P,72000.0,put,1780646400000,36.71,228.3,-0.11529,4e-05,25.57325,-44.58697
BTC-5JUN26-73000-C,73000.0,call,1780646400000,35.62,4.0,0.84271,5e-05,31.64355,-53.53349
BTC-5JUN26-73000-P,73000.0,put,1780646400000,35.62,150.3,-0.15729,5e-05,31.64355,-53.53349
BTC-5JUN26-74000-C,74000.0,call,1780646400000,33.83,14.7,0.79342,6e-05,37.53688,-60.30377
BTC-5JUN26-74000-P,74000.0,put,1780646400000,33.83,236.8,-0.20675,6e-05,37.55416,-60.33087
BTC-5JUN26-75000-C,75000.0,call,1780646400000,32.65,42.6,0.72681,8e-05,43.73784,-67.81206
BTC-5JUN26-75000-P,75000.0,put,1780646400000,32.65,196.2,-0.27354,8e-05,43.76299,-67.85075
BTC-5JUN26-76000-C,76000.0,call,1780646400000,31.81,55.3,0.64458,9e-05,48.97556,-73.98672
BTC-5JUN26-76000-P,76000.0,put,1780646400000,31.81,910.7,-0.35542,9e-05,48.97556,-73.98672
BTC-5JUN26-77000-C,77000.0,call,1780646400000,30.88,790.8,0.55215,0.0001,52.01078,-76.26542
BTC-5JUN26-77000-P,77000.0,put,1780646400000,30.88,208.2,-0.448,0.0001,52.01231,-76.2665
BTC-5JUN26-78000-C,78000.0,call,1780646400000,30.17,251.7,0.45254,0.0001,52.08697,-74.62867
BTC-5JUN26-78000-P,78000.0,put,1780646400000,30.17,187.2,-0.5476,0.0001,52.08391,-74.6246
BTC-5JUN26-79000-C,79000.0,call,1780646400000,29.68,510.3,0.35376,0.0001,48.89247,-68.90394
BTC-5JUN26-79000-P,79000.0,put,1780646400000,29.68,85.8,-0.64628,0.0001,48.8901,-68.90078
BTC-5JUN26-80000-C,80000.0,call,1780646400000,29.19,805.9,0.26233,8e-05,42.84679,-59.39628
BTC-5JUN26-80000-P,80000.0,put,1780646400000,29.19,161.7,-0.73767,8e-05,42.84679,-59.39628
BTC-5JUN26-81000-C,81000.0,call,1780646400000,29.54,439.5,0.19043,7e-05,35.73069,-50.11783
BTC-5JUN26-81000-P,81000.0,put,1780646400000,29.54,4.3,-0.80957,7e-05,35.7303,-50.11809
BTC-5JUN26-82000-C,82000.0,call,1780646400000,29.83,935.3,0.13366,5e-05,28.3539,-40.17214
BTC-5JUN26-82000-P,82000.0,put,1780646400000,29.83,15.0,-0.86634,5e-05,28.35375,-40.17232
BTC-5JUN26-83000-C,83000.0,call,1780646400000,30.52,84.3,0.09394,4e-05,22.04017,-31.94773
BTC-5JUN26-83000-P,83000.0,put,1780646400000,30.52,4.2,-0.90606,4e-05,22.03987,-31.94741
BTC-5JUN26-84000-C,84000.0,call,1780646400000,31.34,236.7,0.06604,3e-05,16.87781,-25.12355
BTC-5JUN26-85000-C,85000.0,call,1780646400000,32.66,650.7,0.04879,2e-05,13.29794,-20.62355
BTC-5JUN26-86000-C,86000.0,call,1780646400000,33.97,182.4,0.03646,2e-05,10.50572,-16.94706
BTC-5JUN26-86000-P,86000.0,put,1780646400000,33.97,0.3,-0.96354,2e-05,10.50572,-16.94706
BTC-5JUN26-88000-C,88000.0,call,1780646400000,36.64,623.1,0.02131,1e-05,6.7183,-11.69141
BTC-5JUN26-90000-C,90000.0,call,1780646400000,39.63,66.8,0.01378,1e-05,4.62831,-8.71173
BTC-5JUN26-95000-C,95000.0,call,1780646400000,47.18,280.8,0.00595,0.0,2.22064,-4.97508
BTC-12JUN26-65000-P,65000.0,put,1781251200000,45.82,96.1,-0.03642,1e-05,13.54829,-17.70752
BTC-12JUN26-68000-P,68000.0,put,1781251200000,41.72,6.9,-0.07114,2e-05,23.06937,-27.45183
BTC-12JUN26-70000-P,70000.0,put,1781251200000,39.26,253.1,-0.11188,3e-05,32.29943,-36.17584
BTC-12JUN26-71000-P,71000.0,put,1781251200000,37.91,6.4,-0.13865,3e-05,37.52282,-40.57311
BTC-12JUN26-72000-C,72000.0,call,1781251200000,36.85,1.1,0.82696,4e-05,43.43277,-45.64818
BTC-12JUN26-72000-P,72000.0,put,1781251200000,36.84,169.1,-0.17304,4e-05,43.43287,-45.6481
BTC-12JUN26-73000-C,73000.0,call,1781251200000,35.67,1.0,0.78644,5e-05,49.39063,-50.25373
BTC-12JUN26-73000-P,73000.0,put,1781251200000,35.67,7.3,-0.21356,5e-05,49.39063,-50.25373
BTC-12JUN26-74000-C,74000.0,call,1781251200000,34.73,1.3,0.73723,6e-05,55.34572,-54.83205
BTC-12JUN26-74000-P,74000.0,put,1781251200000,34.73,36.2,-0.2626,6e-05,55.32932,-54.8153
BTC-12JUN26-75000-C,75000.0,call,1781251200000,33.77,10.8,0.68068,6e-05,60.6342,-58.41657
BTC-12JUN26-75000-P,75000.0,put,1781251200000,33.77,61.1,-0.31919,6e-05,60.62526,-58.40803
BTC-12JUN26-76000-C,76000.0,call,1781251200000,32.94,56.8,0.61678,7e-05,64.78453,-60.8771
BTC-12JUN26-76000-P,76000.0,put,1781251200000,32.94,90.7,-0.38322,7e-05,64.78453,-60.8771
BTC-12JUN26-77000-C,77000.0,call,1781251200000,32.17,476.1,0.54676,7e-05,67.24303,-61.71463
BTC-12JUN26-77000-P,77000.0,put,1781251200000,32.17,82.5,-0.4532,7e-05,67.24269,-61.71431
BTC-12JUN26-78000-C,78000.0,call,1781251200000,31.62,172.3,0.47297,7e-05,67.55376,-60.92987
BTC-12JUN26-78000-P,78000.0,put,1781251200000,31.62,64.3,-0.527,7e-05,67.55434,-60.9312
BTC-12JUN26-79000-C,79000.0,call,1781251200000,31.24,200.0,0.39916,7e-05,65.53492,-58.39257
BTC-12JUN26-79000-P,79000.0,put,1781251200000,31.24,4.7,-0.60084,7e-05,65.53492,-58.39257
BTC-12JUN26-80000-C,80000.0,call,1781251200000,30.72,358.6,0.32722,7e-05,61.25588,-53.67878
BTC-12JUN26-80000-P,80000.0,put,1781251200000,30.72,4.6,-0.67279,7e-05,61.25568,-53.67782
BTC-12JUN26-81000-C,81000.0,call,1781251200000,30.74,155.4,0.26381,6e-05,55.46527,-48.63938
BTC-12JUN26-82000-C,82000.0,call,1781251200000,31.0,126.5,0.21,5e-05,48.91511,-43.25023
BTC-12JUN26-84000-C,84000.0,call,1781251200000,31.66,78.0,0.1281,4e-05,35.5402,-32.09685
BTC-12JUN26-85000-C,85000.0,call,1781251200000,32.26,551.1,0.10024,3e-05,29.83933,-27.46085
BTC-12JUN26-86000-C,86000.0,call,1781251200000,33.08,108.4,0.07954,3e-05,25.12255,-23.70477
BTC-12JUN26-90000-C,90000.0,call,1781251200000,36.03,592.0,0.03128,1e-05,11.95364,-12.28567
BTC-26JUN26-20000-C,20000.0,call,1782460800000,143.69,103.6,0.99969,0.0,0.26233,-0.59777
BTC-26JUN26-20000-P,20000.0,put,1782460800000,143.69,4004.9,-0.00031,0.0,0.26233,-0.59777
BTC-26JUN26-30000-C,30000.0,call,1782460800000,114.33,79.9,0.99862,0.0,1.0281,-1.86406
BTC-26JUN26-30000-P,30000.0,put,1782460800000,114.33,1925.0,-0.00138,0.0,1.0281,-1.86406
BTC-26JUN26-40000-C,40000.0,call,1782460800000,84.65,31.7,0.99732,0.0,1.88085,-2.52487
BTC-26JUN26-40000-P,40000.0,put,1782460800000,84.65,1645.2,-0.00268,0.0,1.88085,-2.52487
BTC-26JUN26-45000-C,45000.0,call,1782460800000,73.97,5.8,0.99549,0.0,3.00341,-3.52332
BTC-26JUN26-45000-P,45000.0,put,1782460800000,73.97,1875.9,-0.00451,0.0,3.00341,-3.52332
BTC-26JUN26-50000-C,50000.0,call,1782460800000,65.24,339.0,0.99145,0.0,5.29841,-5.4817
BTC-26JUN26-50000-P,50000.0,put,1782460800000,65.24,2428.3,-0.00855,0.0,5.29841,-5.4817
BTC-26JUN26-55000-C,55000.0,call,1782460800000,56.83,220.5,0.98381,0.0,9.21263,-8.30347
BTC-26JUN26-55000-P,55000.0,put,1782460800000,56.83,1382.2,-0.01619,0.0,9.21257,-8.3034
BTC-26JUN26-58000-C,58000.0,call,1782460800000,52.55,10.4,0.97484,0.0,13.39038,-11.15932
BTC-26JUN26-58000-P,58000.0,put,1782460800000,52.55,818.2,-0.02516,0.0,13.39038,-11.15932
BTC-26JUN26-60000-C,60000.0,call,1782460800000,50.19,445.2,0.96503,1e-05,17.59665,-14.00655
BTC-26JUN26-60000-P,60000.0,put,1782460800000,50.19,4287.8,-0.03496,1e-05,17.59488,-14.00521
BTC-26JUN26-62000-C,62000.0,call,1782460800000,47.03,11.7,0.95423,1e-05,21.89661,-16.33076
BTC-26JUN26-62000-P,62000.0,put,1782460800000,47.03,1103.9,-0.04577,1e-05,21.89661,-16.33076
BTC-26JUN26-64000-C,64000.0,call,1782460800000,44.29,18.6,0.93818,1e-05,27.78923,-19.51767
BTC-26JUN26-64000-P,64000.0,put,1782460800000,44.29,751.4,-0.06181,1e-05,27.78689,-19.51597
BTC-26JUN26-65000-C,65000.0,call,1782460800000,43.13,674.6,0.92722,1e-05,31.52766,-21.5629
BTC-26JUN26-65000-P,65000.0,put,1782460800000,43.13,1912.0,-0.07278,1e-05,31.52766,-21.5629
BTC-26JUN26-66000-C,66000.0,call,1782460800000,42.24,413.9,0.91312,2e-05,36.04686,-24.14847
BTC-26JUN26-66000-P,66000.0,put,1782460800000,42.24,1179.7,-0.08687,2e-05,36.04579,-24.14776
BTC-26JUN26-68000-C,68000.0,call,1782460800000,39.96,1125.3,0.88037,2e-05,45.48989,-28.82904
BTC-26JUN26-68000-P,68000.0,put,1782460800000,39.96,1898.3,-0.11941,2e-05,45.43533,-28.7944
BTC-26JUN26-70000-C,70000.0,call,1782460800000,37.95,3493.5,0.8348,3e-05,56.61556,-34.07195
BTC-26JUN26-70000-P,70000.0,put,1782460800000,37.95,2857.7,-0.16482,3e-05,56.54245,-34.02783
BTC-26JUN26-72000-C,72000.0,call,1782460800000,36.51,2439.4,0.77227,4e-05,68.82782,-39.852
BTC-26JUN26-72000-P,72000.0,put,1782460800000,36.51,2861.4,-0.22763,4e-05,68.81419,-39.8441
BTC-26JUN26-74000-C,74000.0,call,1782460800000,35.24,722.7,0.69328,4e-05,80.04262,-44.73383
BTC-26JUN26-74000-P,74000.0,put,1782460800000,35.24,1497.7,-0.30659,4e-05,80.03042,-44.72704
BTC-26JUN26-75000-C,75000.0,call,1782460800000,34.57,2109.6,0.64848,5e-05,84.566,-46.36775
BTC-26JUN26-75000-P,75000.0,put,1782460800000,34.57,2095.1,-0.35144,5e-05,84.56042,-46.36465
BTC-26JUN26-76000-C,76000.0,call,1782460800000,34.18,1327.0,0.59987,5e-05,88.07835,-47.7389
BTC-26JUN26-76000-P,76000.0,put,1782460800000,34.18,1887.2,-0.40018,5e-05,88.08029,-47.73995
BTC-26JUN26-78000-C,78000.0,call,1782460800000,33.18,2055.5,0.49656,5e-05,90.9407,-47.85295
BTC-26JUN26-78000-P,78000.0,put,1782460800000,33.18,2151.3,-0.50341,5e-05,90.94144,-47.85346
BTC-26JUN26-80000-C,80000.0,call,1782460800000,32.61,3854.2,0.39185,5e-05,87.58197,-45.30022
BTC-26JUN26-80000-P,80000.0,put,1782460800000,32.61,3516.5,-0.60811,5e-05,87.58594,-45.30209
BTC-26JUN26-82000-C,82000.0,call,1782460800000,32.48,3162.1,0.29642,5e-05,78.82875,-40.6087
BTC-26JUN26-82000-P,82000.0,put,1782460800000,32.48,207.3,-0.70358,5e-05,78.82875,-40.6087
BTC-26JUN26-84000-C,84000.0,call,1782460800000,32.47,1031.6,0.21546,4e-05,66.69115,-34.33757
BTC-26JUN26-84000-P,84000.0,put,1782460800000,32.47,38.0,-0.78454,4e-05,66.69122,-34.33772
BTC-26JUN26-85000-C,85000.0,call,1782460800000,32.57,4356.9,0.18182,4e-05,60.1963,-31.09256
BTC-26JUN26-85000-P,85000.0,put,1782460800000,32.57,2856.9,-0.81816,4e-05,60.20028,-31.09452
BTC-26JUN26-86000-C,86000.0,call,1782460800000,32.96,1063.8,0.1545,3e-05,54.20533,-28.33001
BTC-26JUN26-86000-P,86000.0,put,1782460800000,32.96,29.1,-0.8455,3e-05,54.20485,-28.32976
BTC-26JUN26-88000-C,88000.0,call,1782460800000,33.73,1941.2,0.11052,2e-05,43.00952,-23.00357
BTC-26JUN26-88000-P,88000.0,put,1782460800000,33.73,7.2,-0.88948,2e-05,43.01115,-23.00444
BTC-26JUN26-90000-C,90000.0,call,1782460800000,34.05,5556.0,0.07552,2e-05,32.4396,-17.51535
BTC-26JUN26-90000-P,90000.0,put,1782460800000,34.05,1685.2,-0.92448,2e-05,32.44145,-17.5163
BTC-26JUN26-92000-C,92000.0,call,1782460800000,34.95,668.5,0.0538,1e-05,24.92313,-13.81385
BTC-26JUN26-92000-P,92000.0,put,1782460800000,34.95,26.1,-0.9462,1e-05,24.92313,-13.81385
BTC-26JUN26-94000-C,94000.0,call,1782460800000,35.79,144.1,0.03814,1e-05,18.90082,-10.72781
BTC-26JUN26-94000-P,94000.0,put,1782460800000,35.79,7.4,-0.96185,1e-05,18.90437,-10.72987
BTC-26JUN26-95000-C,95000.0,call,1782460800000,36.28,3928.7,0.03241,1e-05,16.53602,-9.51367
BTC-26JUN26-95000-P,95000.0,put,1782460800000,36.28,983.6,-0.96759,1e-05,16.53602,-9.51367
BTC-26JUN26-100000-C,100000.0,call,1782460800000,38.91,3793.6,0.01527,0.0,8.7694,-5.41088
BTC-26JUN26-100000-P,100000.0,put,1782460800000,38.91,986.6,-0.98473,0.0,8.7694,-5.41088
BTC-26JUN26-105000-C,105000.0,call,1782460800000,43.43,1486.4,0.01052,0.0,6.35378,-4.37655
BTC-26JUN26-105000-P,105000.0,put,1782460800000,43.43,311.4,-0.98948,0.0,6.3531,-4.37611
BTC-26JUN26-110000-C,110000.0,call,1782460800000,46.43,1322.1,0.00637,0.0,4.08863,-3.01035
BTC-26JUN26-110000-P,110000.0,put,1782460800000,46.43,929.2,-0.99363,0.0,4.08888,-3.01053
BTC-26JUN26-115000-C,115000.0,call,1782460800000,49.4,2483.3,0.00416,0.0,2.79963,-2.19349
BTC-26JUN26-115000-P,115000.0,put,1782460800000,49.4,290.6,-0.99584,0.0,2.79963,-2.19349
BTC-26JUN26-120000-C,120000.0,call,1782460800000,54.07,2695.4,0.00384,0.0,2.60637,-2.23486
BTC-26JUN26-120000-P,120000.0,put,1782460800000,54.07,722.5,-0.99616,0.0,2.60493,-2.23363
BTC-26JUN26-125000-C,125000.0,call,1782460800000,58.21,1875.3,0.00344,0.0,2.35777,-2.17662
BTC-26JUN26-125000-P,125000.0,put,1782460800000,58.21,75.4,-0.99656,0.0,2.35775,-2.1766
BTC-26JUN26-130000-C,130000.0,call,1782460800000,61.38,1493.2,0.00279,0.0,1.9521,-1.90012
BTC-26JUN26-130000-P,130000.0,put,1782460800000,61.38,106.4,-0.99721,0.0,1.9521,-1.90012
BTC-26JUN26-135000-C,135000.0,call,1782460800000,65.32,881.6,0.00264,0.0,1.85754,-1.92434
BTC-26JUN26-135000-P,135000.0,put,1782460800000,65.32,14.2,-0.99736,0.0,1.85745,-1.92424
BTC-26JUN26-140000-C,140000.0,call,1782460800000,69.1,731.8,0.00251,0.0,1.77621,-1.94635
BTC-26JUN26-140000-P,140000.0,put,1782460800000,69.1,23.1,-0.99749,0.0,1.77621,-1.94635
BTC-26JUN26-145000-C,145000.0,call,1782460800000,72.4,595.2,0.0023,0.0,1.64139,-1.88468
BTC-26JUN26-145000-P,145000.0,put,1782460800000,72.4,4.6,-0.9977,0.0,1.64139,-1.88468
BTC-26JUN26-150000-C,150000.0,call,1782460800000,72.71,2601.1,0.00144,0.0,1.07512,-1.23978
BTC-26JUN26-150000-P,150000.0,put,1782460800000,72.71,2.3,-0.99855,0.0,1.07514,-1.23981
BTC-26JUN26-155000-C,155000.0,call,1782460800000,73.71,264.7,0.00101,0.0,0.77493,-0.90593
BTC-26JUN26-155000-P,155000.0,put,1782460800000,73.71,1.8,-0.99899,0.0,0.77493,-0.90593
BTC-26JUN26-160000-C,160000.0,call,1782460800000,75.17,1222.2,0.00077,0.0,0.60416,-0.72025
BTC-26JUN26-160000-P,160000.0,put,1782460800000,75.17,52.5,-0.99923,0.0,0.60414,-0.72023
BTC-26JUN26-165000-C,165000.0,call,1782460800000,75.18,176.0,0.00047,0.0,0.3854,-0.4595
BTC-26JUN26-165000-P,165000.0,put,1782460800000,75.18,0.5,-0.99953,0.0,0.3854,-0.4595
BTC-26JUN26-170000-C,170000.0,call,1782460800000,75.18,759.8,0.00029,0.0,0.24444,-0.29145
BTC-26JUN26-170000-P,170000.0,put,1782460800000,75.18,1.9,-0.99971,0.0,0.24444,-0.29145
BTC-26JUN26-180000-C,180000.0,call,1782460800000,75.45,1180.5,0.00011,0.0,0.10226,-0.12237
BTC-26JUN26-180000-P,180000.0,put,1782460800000,75.45,37.1,-0.99989,0.0,0.10226,-0.12237
BTC-26JUN26-190000-C,190000.0,call,1782460800000,77.96,554.4,7e-05,0.0,0.0677,-0.0837
BTC-26JUN26-190000-P,190000.0,put,1782460800000,77.96,5.8,-0.99993,0.0,0.0677,-0.0837
BTC-26JUN26-200000-C,200000.0,call,1782460800000,82.12,1024.4,7e-05,0.0,0.06558,-0.08541
BTC-26JUN26-200000-P,200000.0,put,1782460800000,82.12,6.6,-0.99993,0.0,0.06558,-0.08541
BTC-26JUN26-210000-C,210000.0,call,1782460800000,86.05,197.1,7e-05,0.0,0.06359,-0.08677
BTC-26JUN26-220000-C,220000.0,call,1782460800000,86.18,691.0,3e-05,0.0,0.03183,-0.0435
BTC-26JUN26-220000-P,220000.0,put,1782460800000,86.18,0.2,-0.99997,0.0,0.03183,-0.0435
BTC-26JUN26-230000-C,230000.0,call,1782460800000,89.15,813.7,3e-05,0.0,0.02842,-0.04019
BTC-26JUN26-230000-P,230000.0,put,1782460800000,89.15,6.4,-0.99997,0.0,0.02842,-0.04018
BTC-26JUN26-240000-C,240000.0,call,1782460800000,89.88,556.1,2e-05,0.0,0.01698,-0.0242
BTC-26JUN26-240000-P,240000.0,put,1782460800000,89.88,0.1,-0.99998,0.0,0.01698,-0.02421
BTC-26JUN26-250000-C,250000.0,call,1782460800000,90.33,200.1,1e-05,0.0,0.00976,-0.01398
BTC-26JUN26-260000-C,260000.0,call,1782460800000,91.06,198.4,1e-05,0.0,0.00606,-0.00875
BTC-26JUN26-280000-C,280000.0,call,1782460800000,91.37,231.0,0.0,0.0,0.00187,-0.00271
BTC-26JUN26-300000-C,300000.0,call,1782460800000,95.76,308.5,0.0,0.0,0.00171,-0.00259
BTC-26JUN26-320000-C,320000.0,call,1782460800000,99.84,135.9,0.0,0.0,0.00157,-0.00249
BTC-26JUN26-340000-C,340000.0,call,1782460800000,102.06,129.0,0.0,0.0,0.00101,-0.00163
BTC-26JUN26-360000-C,360000.0,call,1782460800000,102.24,174.2,0.0,0.0,0.00042,-0.00068
BTC-26JUN26-360000-P,360000.0,put,1782460800000,102.24,0.3,-1.0,0.0,0.00042,-0.00067
BTC-26JUN26-380000-C,380000.0,call,1782460800000,102.24,266.9,0.0,0.0,0.00017,-0.00027
BTC-26JUN26-380000-P,380000.0,put,1782460800000,102.24,0.2,-1.0,0.0,0.00017,-0.00027
BTC-31JUL26-56000-P,56000.0,put,1785484800000,49.73,240.8,-0.04958,1e-05,33.98414,-12.7014
BTC-31JUL26-58000-P,58000.0,put,1785484800000,47.78,174.0,-0.06232,1e-05,40.70637,-14.61879
BTC-31JUL26-60000-P,60000.0,put,1785484800000,45.91,138.0,-0.07823,1e-05,48.48908,-16.73146
BTC-31JUL26-62000-P,62000.0,put,1785484800000,44.21,483.3,-0.09844,1e-05,57.5523,-19.12249
BTC-31JUL26-64000-P,64000.0,put,1785484800000,42.57,257.9,-0.12335,1e-05,67.65777,-21.64626
BTC-31JUL26-66000-P,66000.0,put,1785484800000,41.15,105.4,-0.15457,2e-05,78.90196,-24.40138
BTC-31JUL26-67000-P,67000.0,put,1785484800000,40.5,100.3,-0.17268,2e-05,84.79108,-25.8068
BTC-31JUL26-68000-C,68000.0,call,1785484800000,39.74,2.0,0.80813,2e-05,90.56345,-27.04751
BTC-31JUL26-68000-P,68000.0,put,1785484800000,39.74,261.3,-0.19187,2e-05,90.56345,-27.04751
BTC-31JUL26-69000-C,69000.0,call,1785484800000,39.11,13.6,0.78663,2e-05,96.5,-28.36863
BTC-31JUL26-69000-P,69000.0,put,1785484800000,39.11,126.5,-0.21337,2e-05,96.5,-28.36863
BTC-31JUL26-70000-C,70000.0,call,1785484800000,38.65,17.1,0.76275,2e-05,102.47797,-29.76648
BTC-31JUL26-70000-P,70000.0,put,1785484800000,38.65,731.3,-0.23725,2e-05,102.47797,-29.76648
BTC-31JUL26-71000-C,71000.0,call,1785484800000,38.02,5.1,0.73788,3e-05,108.05147,-30.87952
BTC-31JUL26-71000-P,71000.0,put,1785484800000,38.02,98.1,-0.26212,3e-05,108.05147,-30.87952
BTC-31JUL26-72000-C,72000.0,call,1785484800000,37.61,25.7,0.71055,3e-05,113.45268,-32.06884
BTC-31JUL26-72000-P,72000.0,put,1785484800000,37.61,396.2,-0.28946,3e-05,113.45377,-32.06916
BTC-31JUL26-73000-C,73000.0,call,1785484800000,37.16,4.5,0.68183,3e-05,118.3448,-33.05041
BTC-31JUL26-73000-P,73000.0,put,1785484800000,37.16,55.6,-0.31817,3e-05,118.34544,-33.04885
BTC-31JUL26-74000-C,74000.0,call,1785484800000,36.72,0.8,0.65164,3e-05,122.66084,-33.8512
BTC-31JUL26-74000-P,74000.0,put,1785484800000,36.72,124.9,-0.34836,3e-05,122.66086,-33.85111
BTC-31JUL26-75000-C,75000.0,call,1785484800000,36.38,19.2,0.62001,3e-05,126.30692,-34.53885
BTC-31JUL26-75000-P,75000.0,put,1785484800000,36.38,336.7,-0.38007,3e-05,126.31089,-34.53991
BTC-31JUL26-76000-C,76000.0,call,1785484800000,36.05,34.9,0.58738,3e-05,129.15296,-34.99472
BTC-31JUL26-76000-P,76000.0,put,1785484800000,36.05,400.0,-0.41269,3e-05,129.15464,-34.99515
BTC-31JUL26-77000-C,77000.0,call,1785484800000,35.7,266.9,0.5539,3e-05,131.1269,-35.17848
BTC-31JUL26-77000-P,77000.0,put,1785484800000,35.7,120.9,-0.4461,3e-05,131.12691,-35.17848
BTC-31JUL26-78000-C,78000.0,call,1785484800000,35.41,376.1,0.51993,3e-05,132.16998,-35.17736
BTC-31JUL26-78000-P,78000.0,put,1785484800000,35.41,490.5,-0.48007,3e-05,132.17003,-35.17738
BTC-31JUL26-79000-C,79000.0,call,1785484800000,35.25,149.3,0.486,3e-05,132.25516,-35.03486
BTC-31JUL26-79000-P,79000.0,put,1785484800000,35.25,173.9,-0.514,3e-05,132.25506,-35.03486
BTC-31JUL26-80000-C,80000.0,call,1785484800000,35.08,1083.2,0.45225,3e-05,131.3876,-34.6379
BTC-31JUL26-80000-P,80000.0,put,1785484800000,35.08,371.5,-0.54775,3e-05,131.38761,-34.63801
BTC-31JUL26-81000-C,81000.0,call,1785484800000,34.92,803.9,0.41897,3e-05,129.59697,-34.01367
BTC-31JUL26-81000-P,81000.0,put,1785484800000,34.92,159.0,-0.58103,3e-05,129.59697,-34.01367
BTC-31JUL26-82000-C,82000.0,call,1785484800000,34.72,958.2,0.38615,3e-05,126.91061,-33.11563
BTC-31JUL26-82000-P,82000.0,put,1785484800000,34.72,113.7,-0.61384,3e-05,126.91087,-33.11575
BTC-31JUL26-83000-C,83000.0,call,1785484800000,34.74,393.3,0.35536,3e-05,123.5407,-32.25174
BTC-31JUL26-83000-P,83000.0,put,1785484800000,34.74,26.6,-0.64464,3e-05,123.54107,-32.25189
BTC-31JUL26-84000-C,84000.0,call,1785484800000,34.59,88.2,0.32483,3e-05,119.36451,-31.02687
BTC-31JUL26-84000-P,84000.0,put,1785484800000,34.59,30.8,-0.67517,3e-05,119.36432,-31.02682
BTC-31JUL26-85000-C,85000.0,call,1785484800000,34.55,775.4,0.2963,3e-05,114.68561,-29.78071
BTC-31JUL26-85000-P,85000.0,put,1785484800000,34.55,16.9,-0.7037,3e-05,114.68561,-29.78071
BTC-31JUL26-86000-C,86000.0,call,1785484800000,34.55,79.9,0.2695,3e-05,109.5796,-28.45639
BTC-31JUL26-86000-P,86000.0,put,1785484800000,34.55,15.2,-0.7305,3e-05,109.57906,-28.45644
BTC-31JUL26-87000-C,87000.0,call,1785484800000,34.63,225.3,0.24487,3e-05,104.24982,-27.13531
BTC-31JUL26-87000-P,87000.0,put,1785484800000,34.63,8.1,-0.75514,3e-05,104.24806,-27.13488
BTC-31JUL26-88000-C,88000.0,call,1785484800000,34.64,268.9,0.22132,3e-05,98.55577,-25.66174
BTC-31JUL26-88000-P,88000.0,put,1785484800000,34.64,1.0,-0.77868,3e-05,98.55577,-25.66174
BTC-31JUL26-89000-C,89000.0,call,1785484800000,34.75,121.7,0.20014,2e-05,92.90809,-24.26544
BTC-31JUL26-89000-P,89000.0,put,1785484800000,34.75,5.9,-0.79986,2e-05,92.90888,-24.26567
BTC-31JUL26-90000-C,90000.0,call,1785484800000,34.78,1006.0,0.18,2e-05,87.04179,-22.75543
BTC-31JUL26-90000-P,90000.0,put,1785484800000,34.78,2.5,-0.82,2e-05,87.04155,-22.75537
BTC-31JUL26-91000-C,91000.0,call,1785484800000,34.94,275.0,0.16239,2e-05,81.49565,-21.40141
BTC-31JUL26-92000-C,92000.0,call,1785484800000,35.01,278.7,0.14555,2e-05,75.79821,-19.94205
BTC-31JUL26-92000-P,92000.0,put,1785484800000,35.01,0.4,-0.85445,2e-05,75.79748,-19.94187
BTC-31JUL26-93000-C,93000.0,call,1785484800000,35.17,99.0,0.13088,2e-05,70.50219,-18.63379
BTC-31JUL26-94000-C,94000.0,call,1785484800000,35.41,832.0,0.11816,2e-05,65.63885,-17.46853
BTC-31JUL26-94000-P,94000.0,put,1785484800000,35.41,1.3,-0.88184,2e-05,65.63885,-17.46853
BTC-31JUL26-95000-C,95000.0,call,1785484800000,35.56,46.2,0.10594,2e-05,60.70763,-16.22289
BTC-31JUL26-96000-C,96000.0,call,1785484800000,35.84,183.5,0.09585,1e-05,56.4358,-15.20347
BTC-31JUL26-96000-P,96000.0,put,1785484800000,35.84,0.1,-0.90415,1e-05,56.4358,-15.20347
BTC-31JUL26-98000-C,98000.0,call,1785484800000,36.34,1107.5,0.078,1e-05,48.37947,-13.21265
BTC-31JUL26-98000-P,98000.0,put,1785484800000,36.34,0.1,-0.922,1e-05,48.37947,-13.21265
BTC-31JUL26-100000-C,100000.0,call,1785484800000,36.5,150.1,0.06162,1e-05,40.34743,-11.06775
BTC-31JUL26-102000-C,102000.0,call,1785484800000,36.97,262.0,0.04997,1e-05,34.19576,-9.50135
BTC-31JUL26-102000-P,102000.0,put,1785484800000,36.97,0.1,-0.95003,1e-05,34.19591,-9.50139
BTC-31JUL26-104000-C,104000.0,call,1785484800000,37.51,341.6,0.04088,1e-05,29.09387,-8.20107
BTC-31JUL26-105000-C,105000.0,call,1785484800000,37.88,366.8,0.03747,1e-05,27.10564,-7.71749
BTC-31JUL26-106000-C,106000.0,call,1785484800000,38.11,39.8,0.03382,1e-05,24.91766,-7.13705
BTC-31JUL26-108000-C,108000.0,call,1785484800000,38.75,245.4,0.02822,1e-05,21.45545,-6.24857
BTC-31JUL26-110000-C,110000.0,call,1785484800000,39.33,130.4,0.0235,0.0,18.40334,-5.43961
BTC-31JUL26-110000-P,110000.0,put,1785484800000,39.33,1.1,-0.9765,0.0,18.40412,-5.43989
BTC-31JUL26-115000-C,115000.0,call,1785484800000,41.19,82.6,0.01611,0.0,13.35663,-4.1346
BTC-31JUL26-115000-P,115000.0,put,1785484800000,41.19,0.1,-0.98389,0.0,13.35663,-4.1346
BTC-31JUL26-120000-C,120000.0,call,1785484800000,42.71,163.2,0.01095,0.0,9.56655,-3.07101
BTC-25SEP26-30000-C,30000.0,call,1790323200000,76.21,97.8,0.99149,0.0,10.4646,-3.25443
BTC-25SEP26-30000-P,30000.0,put,1790323200000,76.21,1754.7,-0.00851,0.0,10.46464,-3.25444
BTC-25SEP26-35000-C,35000.0,call,1790323200000,68.49,15.1,0.98678,0.0,15.36463,-4.29437
BTC-25SEP26-35000-P,35000.0,put,1790323200000,68.49,546.3,-0.01322,0.0,15.3646,-4.29436
BTC-25SEP26-40000-C,40000.0,call,1790323200000,62.58,31.4,0.97857,0.0,23.21591,-5.92875
BTC-25SEP26-40000-P,40000.0,put,1790323200000,62.58,2075.5,-0.02143,0.0,23.21591,-5.92875
BTC-25SEP26-45000-C,45000.0,call,1790323200000,57.71,148.2,0.96519,0.0,34.7877,-8.19192
BTC-25SEP26-45000-P,45000.0,put,1790323200000,57.71,1801.8,-0.03481,0.0,34.78736,-8.19186
BTC-25SEP26-50000-C,50000.0,call,1790323200000,52.86,32.6,0.94602,0.0,49.56671,-10.69111
BTC-25SEP26-50000-P,50000.0,put,1790323200000,52.86,3166.2,-0.05398,0.0,49.56736,-10.69129
BTC-25SEP26-55000-C,55000.0,call,1790323200000,48.57,82.1,0.91691,1e-05,69.1795,-13.7124
BTC-25SEP26-55000-P,55000.0,put,1790323200000,48.57,1838.9,-0.08314,1e-05,69.20483,-13.71741
BTC-25SEP26-56000-C,56000.0,call,1790323200000,48.18,9.2,0.90801,1e-05,74.63028,-14.6733
BTC-25SEP26-56000-P,56000.0,put,1790323200000,48.18,118.6,-0.09199,1e-05,74.63028,-14.6733
BTC-25SEP26-58000-C,58000.0,call,1790323200000,46.72,29.2,0.891,1e-05,84.47143,-16.106
BTC-25SEP26-58000-P,58000.0,put,1790323200000,46.72,600.0,-0.10901,1e-05,84.47596,-16.10685
BTC-25SEP26-60000-C,60000.0,call,1790323200000,45.33,233.0,0.87127,1e-05,95.00446,-17.57303
BTC-25SEP26-60000-P,60000.0,put,1790323200000,45.33,3378.1,-0.12871,1e-05,94.99962,-17.57213
BTC-25SEP26-62000-C,62000.0,call,1790323200000,44.3,14.0,0.8473,1e-05,106.68564,-19.28741
BTC-25SEP26-62000-P,62000.0,put,1790323200000,44.3,819.7,-0.15271,1e-05,106.69022,-19.28823
BTC-25SEP26-64000-C,64000.0,call,1790323200000,43.23,52.9,0.82049,1e-05,118.4455,-20.89541
BTC-25SEP26-64000-P,64000.0,put,1790323200000,43.23,181.3,-0.17951,1e-05,118.4455,-20.89541
BTC-25SEP26-65000-C,65000.0,call,1790323200000,42.71,424.9,0.80588,1e-05,124.32695,-21.66719
BTC-25SEP26-65000-P,65000.0,put,1790323200000,42.71,640.8,-0.19412,1e-05,124.32695,-21.66719
BTC-25SEP26-66000-C,66000.0,call,1790323200000,42.34,79.8,0.78994,2e-05,130.34949,-22.52373
BTC-25SEP26-66000-P,66000.0,put,1790323200000,42.34,178.0,-0.20997,2e-05,130.326,-22.51966
BTC-25SEP26-68000-C,68000.0,call,1790323200000,41.53,361.8,0.75592,2e-05,141.87253,-24.04187
BTC-25SEP26-68000-P,68000.0,put,1790323200000,41.53,563.9,-0.24397,2e-05,141.85032,-24.03816
BTC-25SEP26-70000-C,70000.0,call,1790323200000,40.71,1378.2,0.71904,2e-05,152.49541,-25.33164
BTC-25SEP26-70000-P,70000.0,put,1790323200000,40.71,1519.2,-0.28101,2e-05,152.50339,-25.33297
BTC-25SEP26-72000-C,72000.0,call,1790323200000,40.14,1593.6,0.67859,2e-05,162.0339,-26.54165
BTC-25SEP26-72000-P,72000.0,put,1790323200000,40.14,287.9,-0.32142,2e-05,162.03408,-26.54171
BTC-25SEP26-74000-C,74000.0,call,1790323200000,39.53,399.1,0.63598,2e-05,169.84413,-27.39654
BTC-25SEP26-74000-P,74000.0,put,1790323200000,39.53,95.7,-0.36402,2e-05,169.84414,-27.39658
BTC-25SEP26-75000-C,75000.0,call,1790323200000,39.29,1810.8,0.61389,2e-05,173.02502,-27.739
BTC-25SEP26-75000-P,75000.0,put,1790323200000,39.29,3048.8,-0.38611,2e-05,173.02508,-27.73921
BTC-25SEP26-76000-C,76000.0,call,1790323200000,39.05,736.6,0.59146,2e-05,175.66552,-27.99559
BTC-25SEP26-76000-P,76000.0,put,1790323200000,39.05,610.3,-0.40854,2e-05,175.66553,-27.99559
BTC-25SEP26-78000-C,78000.0,call,1790323200000,38.59,2387.9,0.54587,2e-05,179.23482,-28.22793
BTC-25SEP26-78000-P,78000.0,put,1790323200000,38.59,642.0,-0.45413,2e-05,179.23482,-28.22793
BTC-25SEP26-80000-C,80000.0,call,1790323200000,38.25,2358.6,0.50003,2e-05,180.43061,-28.16516
BTC-25SEP26-80000-P,80000.0,put,1790323200000,38.25,722.2,-0.49993,2e-05,180.43394,-28.16571
BTC-25SEP26-82000-C,82000.0,call,1790323200000,38.07,1439.6,0.45505,2e-05,179.28436,-27.8545
BTC-25SEP26-82000-P,82000.0,put,1790323200000,38.07,197.1,-0.54489,2e-05,179.29341,-27.85589
BTC-25SEP26-84000-C,84000.0,call,1790323200000,37.93,657.4,0.4115,2e-05,175.97876,-27.23745
BTC-25SEP26-84000-P,84000.0,put,1790323200000,37.93,48.7,-0.5885,2e-05,175.97858,-27.23742
BTC-25SEP26-85000-C,85000.0,call,1790323200000,37.85,775.1,0.39028,2e-05,173.56816,-26.80673
BTC-25SEP26-85000-P,85000.0,put,1790323200000,37.85,492.5,-0.60972,2e-05,173.56796,-26.8067
BTC-25SEP26-86000-C,86000.0,call,1790323200000,37.78,520.8,0.36961,2e-05,170.71032,-26.31938
BTC-25SEP26-86000-P,86000.0,put,1790323200000,37.78,11.6,-0.6304,2e-05,170.70889,-26.31911
BTC-25SEP26-88000-C,88000.0,call,1790323200000,37.68,324.4,0.33009,2e-05,163.81312,-25.1901
BTC-25SEP26-88000-P,88000.0,put,1790323200000,37.68,4.7,-0.66991,2e-05,163.81318,-25.19011
BTC-25SEP26-90000-C,90000.0,call,1790323200000,37.6,2061.7,0.2931,2e-05,155.58875,-23.87018
BTC-25SEP26-90000-P,90000.0,put,1790323200000,37.6,598.0,-0.7069,2e-05,155.58875,-23.87018
BTC-25SEP26-92000-C,92000.0,call,1790323200000,37.58,529.4,0.25924,2e-05,146.48516,-22.4625
BTC-25SEP26-92000-P,92000.0,put,1790323200000,37.58,4.0,-0.74076,2e-05,146.48546,-22.46254
BTC-25SEP26-94000-C,94000.0,call,1790323200000,37.58,140.5,0.22834,2e-05,136.77968,-20.97728
BTC-25SEP26-94000-P,94000.0,put,1790323200000,37.58,1.3,-0.77166,2e-05,136.77937,-20.97723
BTC-25SEP26-95000-C,95000.0,call,1790323200000,37.63,1237.6,0.21425,2e-05,131.88358,-20.24955
BTC-25SEP26-95000-P,95000.0,put,1790323200000,37.63,151.5,-0.78575,2e-05,131.88597,-20.25
BTC-25SEP26-96000-C,96000.0,call,1790323200000,37.71,224.8,0.20114,2e-05,127.05617,-19.5501
BTC-25SEP26-96000-P,96000.0,put,1790323200000,37.71,1.0,-0.79886,2e-05,127.05632,-19.54986
BTC-25SEP26-98000-C,98000.0,call,1790323200000,37.85,158.8,0.17685,2e-05,117.36797,-18.13036
BTC-25SEP26-98000-P,98000.0,put,1790323200000,37.85,0.1,-0.82314,2e-05,117.36989,-18.13065
BTC-25SEP26-100000-C,100000.0,call,1790323200000,37.88,4089.0,0.15418,1e-05,107.39715,-16.60199
BTC-25SEP26-100000-P,100000.0,put,1790323200000,37.88,271.7,-0.84581,1e-05,107.40139,-16.60281
BTC-25SEP26-102000-C,102000.0,call,1790323200000,38.28,51.6,0.13673,1e-05,99.06015,-15.47354
BTC-25SEP26-102000-P,102000.0,put,1790323200000,38.28,0.4,-0.86326,1e-05,99.06329,-15.47401
BTC-25SEP26-105000-C,105000.0,call,1790323200000,38.47,1385.0,0.11149,1e-05,85.86953,-13.48048
BTC-25SEP26-105000-P,105000.0,put,1790323200000,38.47,104.4,-0.8885,1e-05,85.87494,-13.48133
BTC-25SEP26-110000-C,110000.0,call,1790323200000,38.97,1524.1,0.07986,1e-05,67.15245,-10.68023
BTC-25SEP26-110000-P,110000.0,put,1790323200000,38.97,116.7,-0.92014,1e-05,67.15245,-10.68023
BTC-25SEP26-115000-C,115000.0,call,1790323200000,39.65,2366.1,0.05802,1e-05,52.47908,-8.49123
BTC-25SEP26-115000-P,115000.0,put,1790323200000,39.65,91.7,-0.94198,1e-05,52.47508,-8.49058
BTC-25SEP26-120000-C,120000.0,call,1790323200000,40.78,1181.1,0.04439,1e-05,42.40029,-7.05534
BTC-25SEP26-120000-P,120000.0,put,1790323200000,40.78,173.8,-0.95561,1e-05,42.40029,-7.05534
BTC-25SEP26-125000-C,125000.0,call,1790323200000,41.69,2268.7,0.03374,0.0,33.91027,-5.76874
BTC-25SEP26-125000-P,125000.0,put,1790323200000,41.69,21.6,-0.96626,0.0,33.91064,-5.7688
BTC-25SEP26-130000-C,130000.0,call,1790323200000,42.58,1424.8,0.02595,0.0,27.27608,-4.73973
BTC-25SEP26-130000-P,130000.0,put,1790323200000,42.58,21.9,-0.97405,0.0,27.27628,-4.7398
BTC-25SEP26-135000-C,135000.0,call,1790323200000,43.58,160.1,0.02053,0.0,22.38546,-3.98127
BTC-25SEP26-135000-P,135000.0,put,1790323200000,43.58,12.5,-0.97947,0.0,22.38547,-3.98128
BTC-25SEP26-140000-C,140000.0,call,1790323200000,44.11,1118.1,0.01548,0.0,17.5984,-3.16808
BTC-25SEP26-140000-P,140000.0,put,1790323200000,44.11,1.4,-0.98452,0.0,17.59865,-3.16812
BTC-25SEP26-145000-C,145000.0,call,1790323200000,45.39,477.0,0.01311,0.0,15.25241,-2.82536
BTC-25SEP26-145000-P,145000.0,put,1790323200000,45.39,0.2,-0.98689,0.0,15.25245,-2.82537
BTC-25SEP26-150000-C,150000.0,call,1790323200000,45.99,758.2,0.01023,0.0,12.29521,-2.30753
BTC-25SEP26-150000-P,150000.0,put,1790323200000,45.99,0.7,-0.98977,0.0,12.29593,-2.30766
BTC-25SEP26-155000-C,155000.0,call,1790323200000,47.46,319.0,0.00922,0.0,11.22837,-2.17483
BTC-25SEP26-155000-P,155000.0,put,1790323200000,47.46,0.1,-0.99078,0.0,11.23404,-2.17593
BTC-25SEP26-160000-C,160000.0,call,1790323200000,48.75,828.6,0.00821,0.0,10.13936,-2.0169
BTC-25SEP26-160000-P,160000.0,put,1790323200000,48.74,0.6,-0.9918,0.0,10.13741,-2.01646
BTC-25SEP26-165000-C,165000.0,call,1790323200000,49.42,131.6,0.00675,0.0,8.53252,-1.72075
BTC-25SEP26-170000-C,170000.0,call,1790323200000,50.68,352.7,0.00615,0.0,7.86062,-1.62569
BTC-25SEP26-175000-C,175000.0,call,1790323200000,51.19,1448.9,0.00504,0.0,6.58685,-1.37588
BTC-25SEP26-175000-P,175000.0,put,1790323200000,51.19,0.2,-0.99496,0.0,6.58684,-1.37588
BTC-25SEP26-180000-C,180000.0,call,1790323200000,51.81,751.4,0.00424,0.0,5.64175,-1.19271
BTC-25SEP26-180000-P,180000.0,put,1790323200000,51.81,7.3,-0.99576,0.0,5.64175,-1.19271
BTC-25SEP26-190000-C,190000.0,call,1790323200000,54.53,824.7,0.00395,0.0,5.29511,-1.17838
BTC-25SEP26-200000-C,200000.0,call,1790323200000,54.56,1131.6,0.00242,0.0,3.40763,-0.75864
BTC-25SEP26-200000-P,200000.0,put,1790323200000,54.55,0.1,-0.99758,0.0,3.40647,-0.75835
BTC-25SEP26-220000-C,220000.0,call,1790323200000,58.64,279.7,0.00199,0.0,2.86034,-0.68446
BTC-25SEP26-220000-P,220000.0,put,1790323200000,58.64,1.8,-0.99801,0.0,2.86055,-0.68451
BTC-25SEP26-240000-C,240000.0,call,1790323200000,61.2,248.5,0.0014,0.0,2.06773,-0.51637
BTC-25SEP26-260000-C,260000.0,call,1790323200000,61.4,291.3,0.00068,0.0,1.06506,-0.26687
BTC-25SEP26-280000-C,280000.0,call,1790323200000,63.11,69.1,0.00047,0.0,0.75393,-0.19417
BTC-25SEP26-300000-C,300000.0,call,1790323200000,64.66,174.0,0.00033,0.0,0.54655,-0.14422
BTC-25SEP26-320000-C,320000.0,call,1790323200000,66.78,248.8,0.00028,0.0,0.46514,-0.12675
BTC-25SEP26-320000-P,320000.0,put,1790323200000,66.78,0.1,-0.99972,0.0,0.46514,-0.12675
BTC-25DEC26-30000-C,30000.0,call,1798185600000,68.47,233.1,0.98239,0.0,26.18791,-4.19891
BTC-25DEC26-30000-P,30000.0,put,1798185600000,68.47,1636.9,-0.01761,0.0,26.18684,-4.19874
BTC-25DEC26-35000-C,35000.0,call,1798185600000,64.03,64.8,0.97141,0.0,39.39952,-5.90744
BTC-25DEC26-35000-P,35000.0,put,1798185600000,64.03,2103.0,-0.02859,0.0,39.39952,-5.90744
BTC-25DEC26-40000-C,40000.0,call,1798185600000,59.79,44.8,0.95649,0.0,55.59737,-7.78361
BTC-25DEC26-40000-P,40000.0,put,1798185600000,59.79,3175.9,-0.04351,0.0,55.59737,-7.78361
BTC-25DEC26-45000-C,45000.0,call,1798185600000,55.71,48.3,0.93673,0.0,74.83137,-9.76115
BTC-25DEC26-45000-P,45000.0,put,1798185600000,55.71,2136.9,-0.06327,0.0,74.83137,-9.76115
BTC-25DEC26-50000-C,50000.0,call,1798185600000,52.25,59.9,0.90954,1e-05,98.24203,-12.02073
BTC-25DEC26-50000-P,50000.0,put,1798185600000,52.25,1426.2,-0.09046,1e-05,98.24203,-12.02073
BTC-25DEC26-54000-C,54000.0,call,1798185600000,49.88,9.8,0.88125,1e-05,119.67291,-13.97805
BTC-25DEC26-54000-P,54000.0,put,1798185600000,49.88,1724.7,-0.11875,1e-05,119.67291,-13.97805
BTC-25DEC26-55000-C,55000.0,call,1798185600000,49.39,30.3,0.873,1e-05,125.4452,-14.50746
BTC-25DEC26-55000-P,55000.0,put,1798185600000,49.39,924.8,-0.12701,1e-05,125.44862,-14.50788
BTC-25DEC26-56000-C,56000.0,call,1798185600000,48.86,39.7,0.86449,1e-05,131.1927,-15.00997
BTC-25DEC26-56000-P,56000.0,put,1798185600000,48.86,72.3,-0.13551,1e-05,131.1927,-15.00997
BTC-25DEC26-58000-C,58000.0,call,1798185600000,47.98,39.6,0.84577,1e-05,143.13669,-16.08158
BTC-25DEC26-58000-P,58000.0,put,1798185600000,47.98,127.5,-0.15423,1e-05,143.13741,-16.08167
BTC-25DEC26-60000-C,60000.0,call,1798185600000,47.03,137.6,0.82575,1e-05,154.93197,-17.06069
BTC-25DEC26-60000-P,60000.0,put,1798185600000,47.03,6496.9,-0.17425,1e-05,154.93137,-17.06062
BTC-25DEC26-62000-C,62000.0,call,1798185600000,46.29,67.4,0.80347,1e-05,166.94905,-18.09601
BTC-25DEC26-62000-P,62000.0,put,1798185600000,46.29,629.5,-0.19653,1e-05,166.94905,-18.09601
BTC-25DEC26-64000-C,64000.0,call,1798185600000,45.54,12.7,0.7797,1e-05,178.58318,-19.04475
BTC-25DEC26-64000-P,64000.0,put,1798185600000,45.54,96.0,-0.2203,1e-05,178.58318,-19.04475
BTC-25DEC26-65000-C,65000.0,call,1798185600000,45.32,218.0,0.76685,1e-05,184.38841,-19.56818
BTC-25DEC26-65000-P,65000.0,put,1798185600000,45.32,474.7,-0.23315,1e-05,184.38857,-19.56815
BTC-25DEC26-66000-C,66000.0,call,1798185600000,44.96,15.9,0.75402,1e-05,189.86177,-19.98852
BTC-25DEC26-66000-P,66000.0,put,1798185600000,44.96,128.0,-0.24598,1e-05,189.86134,-19.98851
BTC-25DEC26-68000-C,68000.0,call,1798185600000,44.45,184.1,0.72685,1e-05,200.42081,-20.8632
BTC-25DEC26-68000-P,68000.0,put,1798185600000,44.45,266.3,-0.27315,1e-05,200.42081,-20.8632
BTC-25DEC26-70000-C,70000.0,call,1798185600000,43.96,1263.2,0.6985,1e-05,210.01215,-21.61764
BTC-25DEC26-70000-P,70000.0,put,1798185600000,43.96,1132.6,-0.3015,1e-05,210.01215,-21.61764
BTC-25DEC26-72000-C,72000.0,call,1798185600000,43.62,1056.3,0.66898,1e-05,218.52277,-22.32084
BTC-25DEC26-72000-P,72000.0,put,1798185600000,43.62,368.7,-0.33102,1e-05,218.52271,-22.32047
BTC-25DEC26-74000-C,74000.0,call,1798185600000,43.21,27.0,0.63878,1e-05,225.72952,-22.84212
BTC-25DEC26-74000-P,74000.0,put,1798185600000,43.21,57.9,-0.36123,1e-05,225.72957,-22.84214
BTC-25DEC26-75000-C,75000.0,call,1798185600000,42.96,995.8,0.62342,1e-05,228.82673,-23.01977
BTC-25DEC26-75000-P,75000.0,put,1798185600000,42.96,791.6,-0.37658,1e-05,228.8267,-23.01977
BTC-25DEC26-76000-C,76000.0,call,1798185600000,42.79,273.3,0.60793,1e-05,231.57149,-23.20104
BTC-25DEC26-76000-P,76000.0,put,1798185600000,42.79,143.8,-0.39207,1e-05,231.57152,-23.20097
BTC-25DEC26-78000-C,78000.0,call,1798185600000,42.44,204.0,0.57672,2e-05,235.96603,-23.45225
BTC-25DEC26-78000-P,78000.0,put,1798185600000,42.44,223.9,-0.42328,2e-05,235.96592,-23.45227
BTC-25DEC26-80000-C,80000.0,call,1798185600000,42.18,5095.6,0.54549,2e-05,238.86462,-23.59305
BTC-25DEC26-80000-P,80000.0,put,1798185600000,42.18,911.9,-0.45451,2e-05,238.86462,-23.59305
BTC-25DEC26-82000-C,82000.0,call,1798185600000,41.85,185.2,0.51415,2e-05,240.27797,-23.54628
BTC-25DEC26-82000-P,82000.0,put,1798185600000,41.85,157.8,-0.48585,2e-05,240.27797,-23.54628
BTC-25DEC26-84000-C,84000.0,call,1798185600000,41.57,598.6,0.4832,2e-05,240.22177,-23.38381
BTC-25DEC26-84000-P,84000.0,put,1798185600000,41.57,45.9,-0.51681,2e-05,240.22056,-23.38368
BTC-25DEC26-85000-C,85000.0,call,1798185600000,41.48,1569.3,0.46802,2e-05,239.66087,-23.27693
BTC-25DEC26-85000-P,85000.0,put,1798185600000,41.48,545.0,-0.53198,2e-05,239.66159,-23.277
BTC-25DEC26-86000-C,86000.0,call,1798185600000,41.33,121.1,0.45275,2e-05,238.74683,-23.10344
BTC-25DEC26-86000-P,86000.0,put,1798185600000,41.33,23.4,-0.54725,2e-05,238.74683,-23.10344
BTC-25DEC26-88000-C,88000.0,call,1798185600000,41.08,1719.3,0.4229,2e-05,235.93172,-22.69459
BTC-25DEC26-88000-P,88000.0,put,1798185600000,41.08,3.4,-0.5771,2e-05,235.93153,-22.69458
BTC-25DEC26-90000-C,90000.0,call,1798185600000,40.93,2229.8,0.39431,2e-05,231.94745,-22.23053
BTC-25DEC26-90000-P,90000.0,put,1798185600000,40.93,596.1,-0.60569,2e-05,231.94767,-22.23055
BTC-25DEC26-92000-C,92000.0,call,1798185600000,40.82,215.8,0.36689,2e-05,226.92317,-21.68944
BTC-25DEC26-92000-P,92000.0,put,1798185600000,40.82,4.5,-0.63311,2e-05,226.92317,-21.68944
BTC-25DEC26-94000-C,94000.0,call,1798185600000,40.73,72.6,0.3407,1e-05,221.00328,-21.07829
BTC-25DEC26-94000-P,94000.0,put,1798185600000,40.73,5.2,-0.6593,1e-05,221.00328,-21.07829
BTC-25DEC26-95000-C,95000.0,call,1798185600000,40.68,1174.3,0.32803,1e-05,217.73548,-20.74355
BTC-25DEC26-95000-P,95000.0,put,1798185600000,40.68,90.5,-0.67197,1e-05,217.73548,-20.74355
BTC-25DEC26-96000-C,96000.0,call,1798185600000,40.64,66.2,0.31566,1e-05,214.28984,-20.39181
BTC-25DEC26-96000-P,96000.0,put,1798185600000,40.64,0.6,-0.68434,1e-05,214.28969,-20.39179
BTC-25DEC26-98000-C,98000.0,call,1798185600000,40.54,178.2,0.29176,1e-05,206.88813,-19.64067
BTC-25DEC26-98000-P,98000.0,put,1798185600000,40.54,0.7,-0.70821,1e-05,206.90033,-19.64183
BTC-25DEC26-100000-C,100000.0,call,1798185600000,40.62,2356.2,0.27039,1e-05,199.42522,-18.96705
BTC-25DEC26-100000-P,100000.0,put,1798185600000,40.62,258.1,-0.72964,1e-05,199.40749,-18.96536
BTC-25DEC26-102000-C,102000.0,call,1798185600000,40.54,58.7,0.24912,1e-05,191.15926,-18.14788
BTC-25DEC26-104000-C,104000.0,call,1798185600000,40.71,64.0,0.23102,1e-05,183.45884,-17.4903
BTC-25DEC26-105000-C,105000.0,call,1798185600000,40.71,708.9,0.22178,1e-05,179.27754,-17.09204
BTC-25DEC26-105000-P,105000.0,put,1798185600000,40.71,107.9,-0.77822,1e-05,179.27754,-17.09204
BTC-25DEC26-106000-C,106000.0,call,1798185600000,40.73,79.7,0.21293,1e-05,175.10802,-16.69914
BTC-25DEC26-106000-P,106000.0,put,1798185600000,40.73,0.1,-0.78707,1e-05,175.10817,-16.69917
BTC-25DEC26-108000-C,108000.0,call,1798185600000,40.75,76.0,0.19608,1e-05,166.72544,-15.90744
BTC-25DEC26-110000-C,110000.0,call,1798185600000,40.84,2866.9,0.18092,1e-05,158.65219,-15.17064
BTC-25DEC26-110000-P,110000.0,put,1798185600000,40.84,53.3,-0.81908,1e-05,158.65216,-15.17064
BTC-25DEC26-115000-C,115000.0,call,1798185600000,41.09,2501.1,0.14787,1e-05,139.18869,-13.394
BTC-25DEC26-115000-P,115000.0,put,1798185600000,41.09,1.8,-0.85212,1e-05,139.19039,-13.39416
BTC-25DEC26-120000-C,120000.0,call,1798185600000,41.49,7063.3,0.12168,1e-05,121.74624,-11.82901
BTC-25DEC26-120000-P,120000.0,put,1798185600000,41.49,18.9,-0.87832,1e-05,121.74624,-11.82901
BTC-25DEC26-125000-C,125000.0,call,1798185600000,41.93,820.4,0.10052,1e-05,106.17134,-10.4234
BTC-25DEC26-125000-P,125000.0,put,1798185600000,41.93,8.5,-0.89949,1e-05,106.16724,-10.42294
BTC-25DEC26-130000-C,130000.0,call,1798185600000,42.41,1514.2,0.08357,1e-05,92.60052,-9.19514
BTC-25DEC26-130000-P,130000.0,put,1798185600000,42.41,52.1,-0.91643,1e-05,92.60083,-9.19512
BTC-25DEC26-135000-C,135000.0,call,1798185600000,42.92,950.9,0.07,1e-05,80.92135,-8.13337
BTC-25DEC26-135000-P,135000.0,put,1798185600000,42.92,0.6,-0.93,1e-05,80.92135,-8.13337
BTC-25DEC26-140000-C,140000.0,call,1798185600000,43.46,1410.7,0.05902,0.0,70.87443,-7.21211
BTC-25DEC26-140000-P,140000.0,put,1798185600000,43.46,0.2,-0.94098,0.0,70.87525,-7.2122
BTC-25DEC26-150000-C,150000.0,call,1798185600000,44.43,1563.0,0.04232,0.0,54.36796,-5.65664
BTC-25DEC26-150000-P,150000.0,put,1798185600000,44.43,2.1,-0.95768,0.0,54.36797,-5.65664
BTC-25DEC26-160000-C,160000.0,call,1798185600000,45.48,1199.4,0.03128,0.0,42.44978,-4.52056
BTC-25DEC26-170000-C,170000.0,call,1798185600000,47.03,2155.2,0.02512,0.0,35.36741,-3.89463
BTC-25DEC26-180000-C,180000.0,call,1798185600000,48.32,919.2,0.02016,0.0,29.37286,-3.32325
BTC-25DEC26-190000-C,190000.0,call,1798185600000,49.68,989.2,0.01674,0.0,25.07695,-2.91728
BTC-25DEC26-200000-C,200000.0,call,1798185600000,50.9,941.4,0.01398,0.0,21.48883,-2.56111
BTC-25DEC26-210000-C,210000.0,call,1798185600000,52.15,149.2,0.01197,0.0,18.79064,-2.29448
BTC-25DEC26-220000-C,220000.0,call,1798185600000,53.45,226.1,0.01053,0.0,16.80733,-2.10361
BTC-25DEC26-230000-C,230000.0,call,1798185600000,54.46,187.0,0.00906,0.0,14.73683,-1.8793
BTC-25DEC26-240000-C,240000.0,call,1798185600000,55.4,879.3,0.00784,0.0,12.97492,-1.68312
BTC-25DEC26-250000-C,250000.0,call,1798185600000,56.47,1186.0,0.007,0.0,11.75307,-1.55409
BTC-25DEC26-250000-P,250000.0,put,1798185600000,56.47,10.0,-0.993,0.0,11.75204,-1.55393
BTC-26MAR27-40000-C,40000.0,call,1806048000000,56.74,23.3,0.94349,0.0,82.53912,-7.68923
BTC-26MAR27-40000-P,40000.0,put,1806048000000,56.74,787.4,-0.05651,0.0,82.53912,-7.68923
BTC-26MAR27-50000-C,50000.0,call,1806048000000,51.66,9.8,0.88855,1e-05,137.84391,-11.69313
BTC-26MAR27-50000-P,50000.0,put,1806048000000,51.67,1920.1,-0.11144,1e-05,137.83937,-11.69279
BTC-26MAR27-55000-P,55000.0,put,1806048000000,49.65,1213.2,-0.14929,1e-05,168.79886,-13.75985
BTC-26MAR27-56000-C,56000.0,call,1806048000000,49.18,1.0,0.84253,1e-05,174.87055,-14.12185
BTC-26MAR27-56000-P,56000.0,put,1806048000000,49.18,53.4,-0.15747,1e-05,174.87055,-14.12185
BTC-26MAR27-58000-C,58000.0,call,1806048000000,48.54,0.5,0.82465,1e-05,187.45297,-14.93863
BTC-26MAR27-58000-P,58000.0,put,1806048000000,48.54,49.6,-0.17535,1e-05,187.45297,-14.93863
BTC-26MAR27-60000-C,60000.0,call,1806048000000,47.9,2.8,0.80572,1e-05,199.78401,-15.71364
BTC-26MAR27-60000-P,60000.0,put,1806048000000,47.9,280.9,-0.19426,1e-05,199.78057,-15.71341
BTC-26MAR27-62000-C,62000.0,call,1806048000000,47.32,2.2,0.78573,1e-05,211.79167,-16.45545
BTC-26MAR27-62000-P,62000.0,put,1806048000000,47.32,80.0,-0.21425,1e-05,211.78692,-16.45504
BTC-26MAR27-64000-C,64000.0,call,1806048000000,46.79,0.3,0.76473,1e-05,223.33679,-17.15828
BTC-26MAR27-64000-P,64000.0,put,1806048000000,46.79,84.6,-0.23529,1e-05,223.34002,-17.15852
BTC-26MAR27-65000-C,65000.0,call,1806048000000,46.58,1.0,0.75378,1e-05,228.92731,-17.50812
BTC-26MAR27-65000-P,65000.0,put,1806048000000,46.58,270.8,-0.24621,1e-05,228.92652,-17.50803
BTC-26MAR27-66000-C,66000.0,call,1806048000000,46.33,3.5,0.74273,1e-05,234.29886,-17.82297
BTC-26MAR27-66000-P,66000.0,put,1806048000000,46.33,57.7,-0.25727,1e-05,234.29886,-17.82297
BTC-26MAR27-68000-C,68000.0,call,1806048000000,45.87,7.4,0.72001,1e-05,244.48267,-18.41105
BTC-26MAR27-68000-P,68000.0,put,1806048000000,45.87,40.2,-0.27997,1e-05,244.48089,-18.41096
BTC-26MAR27-70000-C,70000.0,call,1806048000000,45.46,899.0,0.69658,1e-05,253.82198,-18.94508
BTC-26MAR27-70000-P,70000.0,put,1806048000000,45.46,73.5,-0.30342,1e-05,253.82196,-18.9451
BTC-26MAR27-72000-C,72000.0,call,1806048000000,45.11,18.0,0.67257,1e-05,262.20566,-19.42067
BTC-26MAR27-72000-P,72000.0,put,1806048000000,45.11,109.2,-0.32743,1e-05,262.20565,-19.42063
BTC-26MAR27-74000-C,74000.0,call,1806048000000,44.74,9.0,0.64812,1e-05,269.54503,-19.8017
BTC-26MAR27-74000-P,74000.0,put,1806048000000,44.74,23.4,-0.35188,1e-05,269.54503,-19.8017
BTC-26MAR27-76000-C,76000.0,call,1806048000000,44.38,16.4,0.62333,1e-05,275.79476,-20.09609
BTC-26MAR27-76000-P,76000.0,put,1806048000000,44.38,7.7,-0.37667,1e-05,275.79463,-20.09618
BTC-26MAR27-78000-C,78000.0,call,1806048000000,44.07,18.7,0.59835,1e-05,280.90288,-20.32602
BTC-26MAR27-78000-P,78000.0,put,1806048000000,44.07,176.1,-0.40165,1e-05,280.90288,-20.32602
BTC-26MAR27-80000-C,80000.0,call,1806048000000,43.82,531.8,0.5734,1e-05,284.8429,-20.49506
BTC-26MAR27-80000-P,80000.0,put,1806048000000,43.82,135.4,-0.4266,1e-05,284.8429,-20.49506
BTC-26MAR27-82000-C,82000.0,call,1806048000000,43.58,156.4,0.54849,1e-05,287.61879,-20.58178
BTC-26MAR27-82000-P,82000.0,put,1806048000000,43.58,3.8,-0.45151,1e-05,287.61867,-20.58162
BTC-26MAR27-84000-C,84000.0,call,1806048000000,43.38,73.2,0.52381,1e-05,289.24501,-20.6012
BTC-26MAR27-84000-P,84000.0,put,1806048000000,43.38,1.3,-0.47619,1e-05,289.2448,-20.60117
BTC-26MAR27-86000-C,86000.0,call,1806048000000,43.17,30.9,0.49938,1e-05,289.76019,-20.53962
BTC-26MAR27-86000-P,86000.0,put,1806048000000,43.17,2.3,-0.50062,1e-05,289.76019,-20.53962
BTC-26MAR27-88000-C,88000.0,call,1806048000000,43.0,19.7,0.47541,1e-05,289.20989,-20.41848
BTC-26MAR27-88000-P,88000.0,put,1806048000000,43.0,0.2,-0.52459,1e-05,289.20898,-20.41835
BTC-26MAR27-90000-C,90000.0,call,1806048000000,42.83,391.3,0.45186,1e-05,287.63866,-20.22876
BTC-26MAR27-90000-P,90000.0,put,1806048000000,42.83,14.0,-0.54811,1e-05,287.65002,-20.22956
BTC-26MAR27-92000-C,92000.0,call,1806048000000,42.69,64.0,0.42893,1e-05,285.14032,-19.98421
BTC-26MAR27-92000-P,92000.0,put,1806048000000,42.69,0.2,-0.57107,1e-05,285.14032,-19.98421
BTC-26MAR27-94000-C,94000.0,call,1806048000000,42.54,35.5,0.40656,1e-05,281.76602,-19.68051
BTC-26MAR27-94000-P,94000.0,put,1806048000000,42.54,9.0,-0.59344,1e-05,281.76602,-19.68051
BTC-26MAR27-95000-C,95000.0,call,1806048000000,42.48,72.0,0.39566,1e-05,279.78381,-19.51351
BTC-26MAR27-95000-P,95000.0,put,1806048000000,42.48,0.4,-0.60434,1e-05,279.78381,-19.51351
BTC-26MAR27-96000-C,96000.0,call,1806048000000,42.39,60.6,0.38476,1e-05,277.57603,-19.31901
BTC-26MAR27-96000-P,96000.0,put,1806048000000,42.39,0.4,-0.61524,1e-05,277.57603,-19.31901
BTC-26MAR27-98000-C,98000.0,call,1806048000000,42.25,18.6,0.36369,1e-05,272.66658,-18.91612
BTC-26MAR27-98000-P,98000.0,put,1806048000000,42.25,0.2,-0.63631,1e-05,272.66658,-18.91612
BTC-26MAR27-100000-C,100000.0,call,1806048000000,42.22,138.6,0.34401,1e-05,267.30695,-18.53066
BTC-26MAR27-100000-P,100000.0,put,1806048000000,42.22,1.5,-0.656,1e-05,267.30309,-18.53017
BTC-26MAR27-102000-C,102000.0,call,1806048000000,42.15,39.4,0.32479,1e-05,261.34226,-18.08493
BTC-26MAR27-104000-C,104000.0,call,1806048000000,42.1,14.6,0.3065,1e-05,254.96695,-17.62385
BTC-26MAR27-105000-C,105000.0,call,1806048000000,42.13,98.0,0.29803,1e-05,251.78037,-17.41506
BTC-26MAR27-106000-C,106000.0,call,1806048000000,42.09,15.4,0.28926,1e-05,248.31881,-17.16042
BTC-26MAR27-108000-C,108000.0,call,1806048000000,42.08,33.1,0.27277,1e-05,241.37371,-16.67559
BTC-26MAR27-110000-C,110000.0,call,1806048000000,42.13,92.0,0.25752,1e-05,234.42331,-16.21418
BTC-26MAR27-110000-P,110000.0,put,1806048000000,42.13,1.2,-0.74248,1e-05,234.42331,-16.21418
BTC-26MAR27-112000-C,112000.0,call,1806048000000,42.17,19.1,0.24301,1e-05,227.32516,-15.74063
BTC-26MAR27-115000-C,115000.0,call,1806048000000,42.17,527.2,0.22206,1e-05,216.20472,-14.97108
BTC-26MAR27-120000-C,120000.0,call,1806048000000,42.23,186.0,0.19106,1e-05,197.76857,-13.71337
BTC-26MAR27-125000-C,125000.0,call,1806048000000,42.4,48.6,0.16492,1e-05,180.23098,-12.5478
BTC-26MAR27-130000-C,130000.0,call,1806048000000,42.66,640.3,0.143,1e-05,163.9887,-11.48548
BTC-26MAR27-130000-P,130000.0,put,1806048000000,42.66,0.2,-0.857,1e-05,163.9887,-11.48548
BTC-26MAR27-140000-C,140000.0,call,1806048000000,43.13,110.1,0.10768,1e-05,134.48595,-9.52414
BTC-26MAR27-150000-C,150000.0,call,1806048000000,43.81,1267.8,0.08289,0.0,110.90078,-7.97809
BTC-26MAR27-160000-C,160000.0,call,1806048000000,44.51,814.6,0.06466,0.0,91.71492,-6.7025
BTC-26MAR27-170000-C,170000.0,call,1806048000000,45.29,146.2,0.05155,0.0,76.74175,-5.70681
BTC-26MAR27-170000-P,170000.0,put,1806048000000,45.29,0.1,-0.94845,0.0,76.73993,-5.70667
BTC-26MAR27-180000-C,180000.0,call,1806048000000,46.15,299.0,0.04204,0.0,65.16344,-4.93788
BTC-26MAR27-190000-C,190000.0,call,1806048000000,47.08,162.1,0.03509,0.0,56.2416,-4.34763
BTC-26MAR27-190000-P,190000.0,put,1806048000000,47.08,0.9,-0.96491,0.0,56.24044,-4.34752
BTC-26MAR27-200000-C,200000.0,call,1806048000000,48.13,283.3,0.03016,0.0,49.63801,-3.92269
BTC-26MAR27-200000-P,200000.0,put,1806048000000,48.13,1.0,-0.96984,0.0,49.63801,-3.92269
